student_id,attendance_pct,gpa,backlogs,family_income_lpa,participation_score,study_hours_day,distance_km,has_scholarship,dropout_risk
STU0001,80.9,8.9,1,1.62,8,3.9,8.3,0,Medium
STU0002,69.5,8.19,0,3.73,8,3.8,7.3,0,Medium
STU0003,83.7,6.89,0,7.33,25,3.7,37.1,0,Medium
STU0004,99.4,5.83,0,0.66,3,7.4,21.5,0,Low
STU0005,67.8,7.85,3,3.91,80,3.8,10.6,1,Medium
STU0006,67.8,7.39,5,3.17,15,4.6,66.8,0,High
STU0007,100.0,8.14,0,0.7,14,4.4,9.4,1,Low
STU0008,85.8,7.75,5,4.4,98,3.5,0.9,0,Medium
STU0009,63.5,8.37,1,1.44,51,4.7,4.6,0,Medium
STU0010,81.8,6.0,0,3.01,68,4.6,8.6,0,Medium
STU0011,63.7,8.78,0,0.5,4,4.7,2.6,0,Medium
STU0012,63.6,7.1,1,2.77,19,2.8,44.2,0,High
STU0013,76.4,9.91,3,1.65,78,4.1,21.8,0,Medium
STU0014,37.6,5.77,2,7.78,17,6.0,4.7,1,Medium
STU0015,41.0,9.4,0,0.5,1,4.1,13.4,1,Medium
STU0016,61.9,7.1,0,2.44,92,4.8,19.2,0,Medium
STU0017,53.8,5.82,1,2.76,12,4.8,42.5,0,Medium
STU0018,77.7,6.07,0,5.81,3,5.3,32.0,0,Medium
STU0019,55.7,6.32,0,3.84,41,5.6,10.9,0,Medium
STU0020,46.6,7.44,0,4.95,73,4.2,22.4,0,Medium
STU0021,98.4,7.58,3,6.75,60,2.7,12.4,1,Low
STU0022,67.9,5.94,4,8.92,94,2.1,12.1,0,High
STU0023,73.2,6.76,1,1.7,7,6.5,1.8,0,Medium
STU0024,46.4,10.0,4,3.48,66,6.0,2.0,0,High
STU0025,62.2,9.39,0,8.25,62,5.8,11.3,0,Medium
STU0026,74.0,7.45,1,20.48,8,6.1,4.7,0,Medium
STU0027,51.3,6.86,0,9.91,93,4.2,0.3,0,Medium
STU0028,78.8,6.98,2,2.09,10,3.3,19.2,0,Medium
STU0029,61.2,7.72,5,0.98,98,2.5,0.5,0,High
STU0030,66.7,5.27,2,3.02,100,2.3,13.6,0,Medium
STU0031,61.2,6.41,1,6.09,41,6.9,11.6,1,Medium
STU0032,100.0,4.3,2,3.05,12,3.5,52.0,0,Medium
STU0033,71.8,7.4,0,2.97,35,6.6,9.9,0,Medium
STU0034,53.0,7.77,4,8.2,12,4.1,1.0,1,High
STU0035,86.8,6.08,1,2.02,11,3.1,12.0,0,Medium
STU0036,50.0,9.16,1,8.84,36,2.3,27.6,0,Medium
STU0037,75.8,4.96,1,2.35,73,3.3,80.0,0,Medium
STU0038,36.7,4.6,2,1.79,72,7.3,8.4,0,High
STU0039,48.1,7.14,0,2.72,51,2.3,5.8,0,Medium
STU0040,75.5,8.37,2,6.47,70,8.7,35.6,1,Low
STU0041,85.3,9.33,0,0.61,1,2.8,3.2,1,Low
STU0042,75.1,6.11,2,0.98,55,6.0,14.3,0,Medium
STU0043,69.9,8.42,3,13.61,59,4.2,7.8,0,Medium
STU0044,66.6,6.74,3,0.87,22,3.9,0.6,0,Medium
STU0045,45.4,6.54,1,3.77,39,2.0,6.4,0,High
STU0046,59.0,8.13,1,3.9,63,4.3,4.6,0,Medium
STU0047,63.7,7.78,0,3.03,84,2.2,17.4,0,Medium
STU0048,91.0,4.44,2,4.66,22,1.1,44.6,1,High
STU0049,78.2,9.01,0,1.18,28,4.7,4.7,0,Medium
STU0050,40.3,8.87,1,3.62,77,3.2,25.0,0,Medium
STU0051,77.8,5.86,0,2.09,89,7.9,0.9,0,Low
STU0052,65.1,7.39,0,4.88,50,6.5,11.6,1,Low
STU0053,59.8,7.54,2,0.69,68,7.9,1.1,1,Medium
STU0054,83.0,7.19,0,3.81,94,3.1,40.8,0,Medium
STU0055,90.6,5.97,2,0.92,88,4.8,21.8,0,Medium
STU0056,88.8,5.79,0,1.47,30,0.5,16.1,1,Medium
STU0057,56.9,6.76,0,1.11,49,3.9,26.1,0,Medium
STU0058,66.4,8.56,1,0.91,19,4.7,15.6,1,Medium
STU0059,78.0,7.62,0,7.86,54,4.8,52.1,0,Medium
STU0060,89.6,6.24,0,1.51,80,4.4,18.8,0,Low
STU0061,63.4,7.96,2,11.79,1,4.6,38.8,0,Medium
STU0062,68.7,3.0,0,15.77,24,0.5,10.9,1,Medium
STU0063,52.1,8.52,3,3.81,12,5.0,1.9,0,Medium
STU0064,50.5,4.19,0,0.69,91,5.5,11.3,1,Medium
STU0065,86.6,6.26,0,2.11,69,7.2,2.0,0,Low
STU0066,96.4,5.12,2,7.19,66,5.2,13.5,0,Medium
STU0067,70.7,4.86,0,2.06,57,4.2,9.9,0,Medium
STU0068,90.1,8.54,0,0.5,98,6.7,14.6,0,Low
STU0069,78.5,6.1,1,3.66,81,0.5,0.2,0,Medium
STU0070,60.4,7.32,0,8.39,74,3.5,3.3,0,Medium
STU0071,78.5,6.73,3,7.15,83,3.0,10.1,1,Medium
STU0072,99.7,7.52,0,0.87,63,4.4,45.1,0,Low
STU0073,71.4,6.92,3,5.03,68,0.5,7.3,1,Medium
STU0074,100.0,4.88,4,1.12,82,7.1,8.3,0,Medium
STU0075,24.8,8.29,1,1.11,85,4.0,18.8,1,Medium
STU0076,86.8,6.06,4,9.32,58,5.1,13.9,0,Medium
STU0077,73.6,4.47,1,1.29,59,4.9,5.3,0,Medium
STU0078,66.6,6.16,5,1.37,82,7.0,7.9,0,High
STU0079,73.7,9.05,0,0.5,61,0.8,3.7,0,Medium
STU0080,36.2,8.08,2,9.2,15,4.7,50.7,1,High
STU0081,68.0,6.28,1,7.08,87,6.8,2.1,0,Medium
STU0082,78.4,6.28,1,4.44,67,4.3,7.0,0,Medium
STU0083,98.6,6.32,2,6.24,14,2.6,0.4,1,Medium
STU0084,62.7,9.92,2,0.74,88,3.3,3.8,0,Low
STU0085,57.4,7.37,0,2.76,54,3.7,22.7,1,Medium
STU0086,63.0,7.45,0,1.95,34,3.1,3.4,0,Medium
STU0087,88.5,8.35,2,0.5,54,4.2,1.3,1,Medium
STU0088,77.9,7.16,2,3.0,13,7.5,9.6,0,Medium
STU0089,62.5,6.41,5,11.41,48,3.3,0.2,0,High
STU0090,81.2,6.51,2,0.5,82,3.5,1.3,0,Medium
STU0091,73.7,6.69,5,1.55,99,5.4,24.7,1,Medium
STU0092,89.4,6.74,2,1.05,6,4.2,22.1,0,Medium
STU0093,59.4,7.89,0,1.22,29,1.8,37.0,0,Medium
STU0094,66.1,6.88,0,10.76,82,4.4,28.9,0,Medium
STU0095,64.9,7.9,3,2.84,48,4.3,17.2,1,Medium
STU0096,45.7,6.68,2,2.83,88,6.5,0.8,1,Medium
STU0097,77.3,6.92,0,6.43,15,2.6,22.9,1,Medium
STU0098,76.7,3.8,1,0.76,50,6.5,28.0,0,Medium
STU0099,72.1,8.17,5,3.01,71,4.3,24.1,0,Medium
STU0100,67.8,7.32,1,2.53,81,2.3,10.7,0,Medium
STU0101,46.5,8.3,1,4.09,91,1.9,4.0,1,Medium
STU0102,64.4,3.0,1,30.0,79,8.4,28.0,0,Medium
STU0103,65.8,9.93,0,6.6,82,4.2,19.5,0,Low
STU0104,57.6,6.59,1,2.28,41,6.4,59.3,1,Medium
STU0105,69.1,8.46,1,7.91,16,1.1,2.5,0,Medium
STU0106,79.3,5.24,0,0.84,62,9.8,3.8,0,Low
STU0107,100.0,7.72,2,0.5,44,6.3,3.6,0,Low
STU0108,75.1,5.22,1,1.03,76,4.0,23.6,0,Medium
STU0109,76.6,5.86,3,1.87,6,3.9,3.1,1,Medium
STU0110,70.7,9.67,3,3.22,26,6.0,1.0,0,Medium
STU0111,37.5,6.51,0,4.3,9,5.9,80.0,0,High
STU0112,71.5,7.13,2,10.87,33,4.9,0.4,0,Medium
STU0113,73.1,8.11,1,3.21,35,4.5,27.0,0,Medium
STU0114,100.0,7.54,4,3.13,24,5.6,6.8,0,Medium
STU0115,68.5,7.03,0,0.5,5,1.0,27.6,0,High
STU0116,77.4,7.35,2,0.5,23,3.8,12.1,0,Medium
STU0117,71.4,10.0,2,3.6,17,1.2,34.8,0,Medium
STU0118,51.0,6.71,0,2.59,86,5.7,39.1,0,Medium
STU0119,92.6,7.1,0,8.22,5,3.1,0.1,0,Medium
STU0120,85.5,8.38,2,0.79,28,1.4,1.2,1,Medium
STU0121,86.2,8.46,2,0.5,24,2.9,4.3,1,Medium
STU0122,55.6,8.58,0,2.68,54,4.8,16.6,1,Medium
STU0123,97.3,7.76,2,1.22,80,4.1,32.9,0,Medium
STU0124,46.8,5.09,1,0.5,45,2.2,9.2,0,High
STU0125,82.6,9.25,2,5.8,23,1.1,14.0,0,Medium
STU0126,100.0,5.08,0,0.53,74,4.6,3.1,0,Medium
STU0127,54.2,7.25,4,4.22,25,3.3,24.5,0,High
STU0128,61.8,5.67,0,1.48,97,4.0,51.3,0,Medium
STU0129,73.8,6.7,1,0.86,27,4.2,4.7,1,Medium
STU0130,62.9,7.29,0,2.15,2,5.4,10.2,0,Medium
STU0131,44.1,7.28,0,7.28,74,6.2,1.4,0,Medium
STU0132,73.2,7.43,1,2.24,37,4.8,12.3,1,Medium
STU0133,52.9,9.22,0,6.25,60,3.9,10.5,0,Medium
STU0134,80.5,7.48,3,0.6,77,4.5,2.3,1,Medium
STU0135,55.5,6.43,0,6.67,50,3.8,8.8,1,Medium
STU0136,99.9,8.25,1,1.22,89,1.2,6.1,1,Low
STU0137,57.9,8.58,0,5.09,47,6.7,11.1,0,Medium
STU0138,66.2,4.96,0,3.75,20,6.3,13.2,1,Medium
STU0139,86.6,7.7,0,11.91,53,8.5,0.1,0,Low
STU0140,49.8,7.85,1,2.2,55,9.1,21.5,0,Medium
STU0141,76.1,6.35,1,0.5,93,2.1,18.7,0,Medium
STU0142,95.5,8.86,1,0.5,58,3.8,6.8,0,Low
STU0143,43.1,6.57,1,7.89,71,9.5,0.8,0,Medium
STU0144,75.3,6.99,1,3.35,50,4.4,21.1,0,Medium
STU0145,76.7,6.54,0,6.72,19,5.0,46.6,1,Medium
STU0146,86.1,6.82,1,1.2,95,1.5,4.1,1,Medium
STU0147,49.7,5.16,5,1.9,85,4.8,5.9,1,High
STU0148,48.2,4.64,1,0.5,58,8.4,3.0,0,Medium
STU0149,81.4,9.19,2,14.66,70,7.1,12.9,1,Low
STU0150,77.3,5.53,0,4.96,8,3.3,2.5,0,Medium
STU0151,76.5,5.31,2,12.18,0,3.7,6.6,1,Medium
STU0152,78.2,3.57,2,1.39,28,2.2,17.9,1,High
STU0153,59.8,5.84,1,4.25,62,2.8,12.3,0,High
STU0154,76.2,4.82,5,5.11,71,0.7,7.3,1,High
STU0155,77.3,9.26,0,1.72,55,4.3,8.2,0,Low
STU0156,59.1,8.31,0,8.48,67,7.5,12.4,0,Low
STU0157,100.0,5.77,2,13.23,34,5.2,0.1,0,Medium
STU0158,80.5,10.0,3,9.73,2,7.2,1.2,0,Medium
STU0159,50.6,8.27,0,6.05,6,6.6,32.0,1,Medium
STU0160,83.8,6.31,0,1.46,26,3.4,1.2,0,Medium
STU0161,54.5,3.05,0,1.49,0,3.0,18.4,0,High
STU0162,86.2,10.0,0,14.88,90,3.1,37.9,0,Low
STU0163,92.9,4.72,2,0.5,79,1.1,4.7,1,Medium
STU0164,57.2,4.33,1,5.67,70,4.6,6.9,1,Medium
STU0165,89.3,8.33,0,5.51,43,0.5,12.6,1,Medium
STU0166,79.4,10.0,1,4.39,86,5.7,32.0,1,Low
STU0167,86.8,8.88,0,20.77,40,4.6,42.7,0,Low
STU0168,100.0,7.65,0,1.68,74,5.4,20.2,0,Low
STU0169,67.6,7.69,2,1.87,41,6.6,1.4,0,Medium
STU0170,58.4,8.08,5,0.5,32,4.9,16.6,0,High
STU0171,56.0,7.94,3,2.63,49,7.8,7.9,1,Medium
STU0172,57.3,7.22,0,1.36,62,5.7,9.5,0,Medium
STU0173,70.6,6.96,4,1.89,99,3.0,0.8,1,Medium
STU0174,78.1,6.71,3,8.1,36,4.0,3.2,0,Medium
STU0175,77.0,5.67,3,12.33,58,0.5,23.4,0,High
STU0176,86.9,6.38,1,0.92,80,2.7,9.1,0,Medium
STU0177,72.2,4.26,1,2.1,98,3.7,5.4,1,Medium
STU0178,98.2,6.65,0,11.88,47,5.6,7.3,1,Low
STU0179,67.2,5.32,0,0.5,4,3.0,28.9,1,Medium
STU0180,100.0,5.14,0,0.5,47,2.0,20.7,0,Medium
STU0181,83.3,7.07,0,0.8,95,0.7,4.8,1,Medium
STU0182,56.6,8.89,1,4.07,2,3.3,1.9,0,Medium
STU0183,52.7,8.18,2,0.73,46,8.4,4.4,0,Medium
STU0184,80.7,4.44,1,15.5,61,5.0,38.0,1,Medium
STU0185,68.0,5.32,0,2.66,98,6.4,13.1,0,Medium
STU0186,84.9,8.21,5,3.13,13,2.7,11.4,1,Medium
STU0187,80.5,5.33,5,1.27,62,1.4,13.6,0,High
STU0188,70.7,6.46,3,2.87,60,2.1,6.8,0,Medium
STU0189,56.8,7.63,6,4.88,30,4.3,24.7,1,High
STU0190,44.7,5.35,1,6.26,94,0.5,11.1,0,Medium
STU0191,64.0,6.96,5,6.31,16,2.5,1.9,1,Medium
STU0192,87.4,4.8,0,3.88,23,3.3,2.1,0,Medium
STU0193,75.9,5.9,1,10.56,22,1.9,11.5,0,Medium
STU0194,49.6,7.28,0,7.65,81,0.5,41.4,0,Medium
STU0195,75.1,4.41,0,6.37,49,5.1,5.5,0,Medium
STU0196,78.9,7.46,0,0.5,77,4.6,30.6,0,Low
STU0197,56.1,6.77,2,0.5,78,6.1,21.7,0,Medium
STU0198,74.8,7.63,3,1.07,78,2.3,4.3,1,Medium
STU0199,73.0,7.14,1,4.9,69,6.0,0.6,0,Low
STU0200,51.4,8.85,0,2.38,26,7.6,1.6,0,Medium
STU0201,78.4,6.99,3,2.32,14,5.0,19.6,0,High
STU0202,82.1,6.16,2,9.72,49,3.3,3.3,0,Medium
STU0203,91.5,6.98,1,10.17,35,4.8,7.0,1,Low
STU0204,91.0,7.61,2,10.79,7,3.2,10.4,1,Medium
STU0205,47.2,6.87,0,1.7,78,2.9,19.4,0,Medium
STU0206,55.1,6.86,0,5.29,2,5.9,1.8,1,Medium
STU0207,81.3,5.75,4,1.43,61,4.2,7.8,0,Medium
STU0208,81.2,5.81,0,0.95,46,6.9,10.0,0,Medium
STU0209,81.3,4.7,1,0.92,76,3.6,11.7,1,Medium
STU0210,100.0,9.42,4,1.88,97,3.8,25.6,0,Medium
STU0211,82.3,4.93,2,2.53,87,3.4,2.8,1,Medium
STU0212,92.4,5.76,0,8.0,95,2.3,24.7,1,Low
STU0213,89.2,5.72,0,0.57,60,6.1,17.7,0,Medium
STU0214,83.7,8.14,0,5.97,31,8.9,12.2,1,Low
STU0215,66.3,6.36,2,3.41,93,3.7,18.0,1,Medium
STU0216,85.7,8.67,1,1.53,12,3.1,8.0,0,Medium
STU0217,58.1,5.79,0,3.05,0,3.0,2.2,0,Medium
STU0218,67.7,7.22,5,1.6,33,3.1,16.4,0,High
STU0219,63.3,5.55,1,4.08,61,7.8,11.2,1,Medium
STU0220,73.5,10.0,0,2.56,78,3.1,15.3,1,Low
STU0221,100.0,5.02,1,0.81,77,3.3,6.2,0,Medium
STU0222,38.4,7.26,2,0.56,92,2.0,35.6,0,High
STU0223,84.4,7.75,0,3.56,97,5.1,13.3,0,Low
STU0224,43.0,7.42,0,10.47,81,4.4,1.3,0,Medium
STU0225,63.5,6.52,3,1.9,70,2.2,9.0,0,Medium
STU0226,91.6,6.61,1,5.94,92,2.7,21.2,0,Medium
STU0227,73.2,6.87,1,4.84,30,7.6,23.7,0,Medium
STU0228,52.6,6.58,1,12.07,63,4.6,10.2,0,Medium
STU0229,59.1,8.25,0,7.74,24,4.7,33.8,0,Medium
STU0230,84.2,10.0,0,3.76,37,4.7,4.7,0,Low
STU0231,58.9,5.96,1,4.82,13,7.3,7.9,1,Medium
STU0232,75.9,4.75,0,10.29,7,2.4,34.3,0,High
STU0233,72.8,6.67,0,2.3,90,3.7,34.0,0,Medium
STU0234,60.3,10.0,3,1.78,53,4.2,17.4,0,Medium
STU0235,100.0,5.59,6,0.5,1,1.1,29.4,0,High
STU0236,83.4,9.26,3,7.88,80,2.7,1.4,0,Medium
STU0237,35.5,9.32,3,7.26,100,6.6,30.0,0,Medium
STU0238,75.4,5.97,0,0.5,77,6.0,5.8,0,Medium
STU0239,60.1,7.65,5,3.87,88,6.4,2.9,1,Medium
STU0240,87.3,9.24,0,2.81,55,3.3,4.1,1,Low
STU0241,57.7,6.23,5,0.57,93,3.6,8.1,1,High
STU0242,69.9,6.49,6,17.73,92,0.9,4.3,1,High
STU0243,81.1,5.93,2,1.09,83,6.4,5.8,1,Medium
STU0244,87.6,5.28,6,0.5,84,6.7,2.2,0,Medium
STU0245,50.4,5.83,1,4.07,60,6.7,5.3,0,High
STU0246,66.0,4.96,0,6.04,21,7.7,12.7,0,Medium
STU0247,63.5,6.85,1,0.5,34,5.3,8.7,0,Medium
STU0248,60.2,5.65,1,4.84,100,7.6,6.4,1,Medium
STU0249,100.0,7.15,0,3.42,15,4.1,20.6,0,Medium
STU0250,79.3,4.47,2,0.5,49,1.0,33.6,0,High
STU0251,49.3,7.3,6,0.85,42,6.2,21.2,0,High
STU0252,88.5,8.05,0,3.78,16,0.9,6.1,0,Medium
STU0253,100.0,3.81,3,1.58,79,4.8,20.5,1,Medium
STU0254,90.6,7.36,4,12.54,57,6.4,2.5,1,Medium
STU0255,44.7,8.64,5,7.69,1,5.1,2.1,0,High
STU0256,63.3,4.99,5,18.49,3,9.1,6.4,1,High
STU0257,94.8,9.31,1,1.35,84,0.6,24.7,0,Medium
STU0258,59.3,7.43,5,15.74,38,4.3,4.2,1,High
STU0259,80.0,5.74,2,2.54,97,4.5,1.0,0,Medium
STU0260,85.9,6.72,0,1.92,93,1.8,2.1,0,Medium
STU0261,55.3,7.64,1,0.5,5,2.2,29.4,0,High
STU0262,70.9,6.91,2,0.5,80,2.8,15.1,1,Medium
STU0263,20.0,7.61,0,5.3,88,2.3,4.4,1,Medium
STU0264,53.6,5.42,2,2.76,68,4.3,12.2,0,High
STU0265,67.5,7.05,2,1.16,68,3.3,11.2,0,Medium
STU0266,49.5,4.68,0,4.28,19,5.1,16.0,1,High
STU0267,100.0,6.63,1,1.31,63,5.8,4.0,0,Low
STU0268,46.3,5.44,2,3.88,15,5.7,30.0,0,High
STU0269,64.1,5.7,1,2.0,50,3.7,5.6,0,Medium
STU0270,74.4,8.65,0,7.81,36,5.1,17.8,0,Low
STU0271,97.9,8.44,0,7.73,72,6.6,0.2,1,Low
STU0272,46.2,7.71,1,2.92,68,5.4,7.0,1,Medium
STU0273,92.9,5.16,4,1.94,41,8.2,6.5,0,Medium
STU0274,72.2,6.33,0,2.03,56,6.5,11.8,0,Medium
STU0275,54.3,8.62,2,7.37,65,7.9,1.1,1,Medium
STU0276,80.3,7.01,0,1.79,8,0.5,23.4,0,Medium
STU0277,75.6,10.0,0,1.06,99,4.7,3.7,1,Low
STU0278,61.2,7.39,3,0.5,85,3.9,17.0,0,High
STU0279,73.3,7.09,2,2.83,63,4.3,24.4,0,Medium
STU0280,65.1,6.34,0,2.96,85,2.9,12.4,1,Low
STU0281,74.0,7.0,1,8.27,21,5.3,20.3,1,Medium
STU0282,83.9,6.57,0,1.13,33,0.9,16.3,0,Medium
STU0283,100.0,7.86,1,2.16,54,5.3,6.6,1,Low
STU0284,49.7,8.24,2,7.44,28,3.0,24.8,0,High
STU0285,100.0,5.62,0,7.81,37,3.5,5.2,0,Medium
STU0286,36.9,4.8,0,2.18,96,5.4,12.7,1,Medium
STU0287,69.3,4.05,1,2.77,17,4.7,20.5,1,Medium
STU0288,82.6,7.56,4,1.63,70,6.6,7.1,0,Medium
STU0289,77.1,5.14,6,12.13,64,2.6,5.4,0,High
STU0290,60.8,3.57,0,0.57,96,4.3,9.2,0,Medium
STU0291,68.3,7.38,2,12.21,0,6.3,25.6,0,Medium
STU0292,63.1,10.0,1,5.18,87,5.2,39.9,0,Low
STU0293,61.4,6.79,1,3.41,3,5.4,11.8,1,Medium
STU0294,87.3,8.06,2,0.5,3,6.7,16.2,0,Medium
STU0295,78.4,6.92,4,2.9,81,3.7,35.0,1,Medium
STU0296,59.5,6.65,5,2.36,26,3.3,1.6,0,High
STU0297,88.2,8.18,1,0.79,42,5.7,4.0,0,Medium
STU0298,77.5,6.36,1,4.81,58,4.2,18.5,0,Medium
STU0299,86.6,7.2,3,15.96,31,6.7,26.0,0,Medium
STU0300,83.3,7.28,0,3.72,32,5.2,29.2,0,Medium
STU0301,57.1,5.8,1,5.64,27,3.3,8.0,1,Medium
STU0302,61.9,8.29,1,0.5,54,5.2,1.4,0,Medium
STU0303,85.5,6.54,2,2.43,99,2.7,8.6,1,Medium
STU0304,83.0,5.67,0,0.56,59,6.4,3.9,0,Low
STU0305,71.6,7.6,0,4.27,69,1.7,5.2,1,Medium
STU0306,74.1,5.45,4,12.55,61,6.9,22.2,0,Medium
STU0307,95.0,6.84,0,4.88,79,5.1,1.2,1,Low
STU0308,61.4,6.79,1,0.5,33,4.2,26.4,0,Medium
STU0309,81.8,8.43,0,1.97,86,6.0,8.4,1,Low
STU0310,68.4,7.51,0,3.6,87,5.5,13.6,1,Low
STU0311,68.1,6.76,0,2.32,55,7.2,1.4,0,Medium
STU0312,91.8,8.03,0,8.07,12,7.1,6.2,0,Low
STU0313,86.9,8.89,3,7.59,55,5.2,1.4,0,Medium
STU0314,86.6,7.64,0,4.26,17,2.8,48.9,1,Medium
STU0315,95.5,6.82,5,2.1,53,3.4,24.7,0,Medium
STU0316,72.4,4.83,1,1.33,76,4.4,9.2,0,Medium
STU0317,84.3,5.2,1,0.5,100,6.7,3.8,0,Medium
STU0318,66.4,6.34,1,1.97,42,3.6,40.6,0,Medium
STU0319,77.8,5.89,1,2.4,38,3.8,6.3,1,Medium
STU0320,69.7,6.52,2,5.07,60,8.2,2.6,0,Medium
STU0321,73.7,6.88,0,4.83,41,4.3,12.4,0,Medium
STU0322,82.7,7.59,1,0.5,80,3.2,43.2,1,Medium
STU0323,57.3,6.69,4,2.26,78,6.1,0.1,0,Medium
STU0324,100.0,7.53,5,0.9,17,4.4,4.1,1,Medium
STU0325,53.9,6.9,4,0.77,22,1.7,41.8,0,High
STU0326,50.1,3.84,1,7.9,53,6.6,2.8,0,High
STU0327,92.8,5.39,3,0.5,29,3.0,1.8,0,High
STU0328,86.2,6.58,1,2.44,97,4.6,12.7,1,Low
STU0329,83.2,4.99,1,0.83,57,4.4,29.7,0,Medium
STU0330,83.3,7.7,0,9.52,67,5.0,9.7,0,Low
STU0331,71.8,9.1,1,3.66,66,0.5,78.2,0,Medium
STU0332,55.8,8.63,0,1.18,70,3.8,17.1,0,Medium
STU0333,73.4,6.48,0,3.14,17,6.7,1.2,1,Medium
STU0334,59.8,9.04,3,5.92,6,7.0,74.1,0,Medium
STU0335,89.6,7.02,0,14.28,39,2.5,7.9,1,Medium
STU0336,69.4,6.29,0,1.12,69,6.3,5.1,0,Medium
STU0337,57.1,5.88,0,9.78,85,3.0,12.2,1,Medium
STU0338,66.2,6.35,5,12.25,64,3.8,5.4,0,Medium
STU0339,79.4,6.22,1,11.17,67,3.9,1.4,0,Medium
STU0340,61.9,7.06,1,4.54,48,4.7,0.0,0,Medium
STU0341,57.2,7.04,3,4.47,51,6.5,9.0,1,Medium
STU0342,76.4,6.8,3,2.32,28,5.0,27.2,0,Medium
STU0343,76.4,7.46,0,6.28,20,4.2,12.7,1,Medium
STU0344,62.9,8.59,2,3.41,89,6.4,80.0,1,Medium
STU0345,63.5,8.22,2,5.09,77,2.9,5.1,0,Medium
STU0346,76.2,4.57,2,2.52,8,4.3,4.9,0,Medium
STU0347,45.9,3.0,0,5.92,46,6.5,2.6,0,Medium
STU0348,46.7,8.2,3,7.83,75,5.6,2.7,0,Medium
STU0349,59.1,4.75,1,0.71,41,3.6,5.0,1,Medium
STU0350,68.2,6.46,0,8.05,50,1.5,23.6,1,Medium
STU0351,77.6,5.04,1,3.5,55,5.1,35.4,0,Medium
STU0352,98.6,4.1,0,8.38,50,1.3,55.4,0,Medium
STU0353,87.4,7.61,0,2.54,69,4.1,4.0,0,Low
STU0354,69.1,7.94,2,2.14,19,6.9,32.0,0,Medium
STU0355,71.7,5.94,0,11.1,87,5.7,6.0,1,Low
STU0356,54.0,3.0,1,1.3,26,0.5,1.8,0,High
STU0357,71.7,5.98,1,8.37,37,4.9,30.6,1,Medium
STU0358,66.8,7.39,0,2.98,71,3.9,15.2,0,Medium
STU0359,77.8,4.58,5,3.25,64,2.0,2.7,0,High
STU0360,57.1,7.08,0,1.66,53,5.2,8.4,0,Medium
STU0361,81.3,6.78,0,3.83,23,3.5,5.1,0,Medium
STU0362,99.6,7.67,0,1.77,46,3.5,20.0,0,Low
STU0363,70.0,6.98,0,0.5,70,4.7,9.1,1,Medium
STU0364,79.2,5.34,0,1.43,82,3.2,68.0,1,Medium
STU0365,84.4,8.59,2,0.5,85,4.7,0.8,0,Low
STU0366,64.8,6.56,5,17.25,62,3.3,6.6,0,High
STU0367,76.0,6.76,0,15.18,56,3.4,9.9,0,Medium
STU0368,72.2,5.4,2,2.26,54,6.5,10.5,1,Medium
STU0369,73.8,6.14,2,5.86,59,6.7,5.7,0,Medium
STU0370,58.1,5.47,3,1.91,98,1.1,19.6,1,High
STU0371,72.4,6.54,1,5.0,61,6.0,31.2,0,Medium
STU0372,81.0,9.37,0,7.37,29,7.3,41.9,0,Low
STU0373,98.1,4.74,0,13.2,92,7.6,24.5,1,Low
STU0374,89.3,4.38,2,2.3,21,5.5,28.5,0,Medium
STU0375,100.0,9.01,3,6.88,74,2.4,12.0,0,Medium
STU0376,58.2,6.49,0,1.39,83,5.8,26.2,0,Medium
STU0377,87.7,5.8,1,20.88,28,2.8,5.4,0,Medium
STU0378,75.3,8.36,4,0.5,40,3.8,7.6,0,Medium
STU0379,100.0,5.89,3,4.16,41,5.3,5.7,1,Medium
STU0380,57.5,9.54,6,4.85,97,2.9,9.4,1,High
STU0381,56.9,7.82,2,5.24,64,2.2,5.0,0,High
STU0382,61.2,6.07,1,0.58,30,5.4,48.9,1,Medium
STU0383,33.8,10.0,1,12.55,29,8.2,5.6,0,Medium
STU0384,62.5,5.89,2,0.9,17,7.0,1.5,0,Medium
STU0385,58.3,7.91,0,4.39,16,5.9,11.2,0,Medium
STU0386,74.7,7.25,1,1.13,37,6.5,0.9,0,Medium
STU0387,78.2,8.75,2,1.65,13,5.8,1.8,0,Medium
STU0388,100.0,9.14,0,3.56,86,5.4,3.7,1,Low
STU0389,89.1,6.85,3,2.43,88,6.3,9.4,0,Medium
STU0390,61.6,5.67,1,0.79,78,1.8,8.5,0,Medium
STU0391,55.8,7.49,5,0.84,55,4.9,24.1,0,High
STU0392,80.9,5.78,0,2.44,21,4.3,20.2,1,Medium
STU0393,48.2,9.82,0,6.37,66,4.7,8.3,1,Medium
STU0394,100.0,7.0,2,10.27,55,3.6,6.1,0,Medium
STU0395,93.2,6.25,0,0.5,18,5.5,5.7,0,Medium
STU0396,63.6,7.08,2,2.25,56,2.9,22.3,0,High
STU0397,41.2,4.78,2,0.5,43,3.4,0.8,0,High
STU0398,96.4,5.34,0,0.5,97,3.2,0.2,0,Medium
STU0399,69.9,8.6,1,4.88,34,6.2,23.8,0,Medium
STU0400,94.3,5.81,1,4.15,0,4.5,9.7,0,Medium
STU0401,43.3,5.23,1,0.8,51,3.6,2.1,0,High
STU0402,61.2,7.6,4,1.2,84,3.8,4.0,0,Medium
STU0403,72.1,8.58,3,0.5,92,4.5,40.4,1,Medium
STU0404,72.8,7.88,2,8.11,69,7.7,29.4,1,Low
STU0405,63.9,8.29,2,16.54,36,2.0,18.6,0,Medium
STU0406,83.2,5.66,1,0.66,64,5.9,9.9,0,Medium
STU0407,52.8,4.67,4,1.18,50,5.4,11.0,0,High
STU0408,69.4,9.05,2,9.13,0,2.7,55.5,0,Medium
STU0409,74.2,6.32,2,11.74,90,7.4,50.6,1,Medium
STU0410,81.3,6.42,3,2.45,20,5.6,3.6,0,Medium
STU0411,84.8,8.79,0,0.5,52,3.5,25.0,1,Low
STU0412,51.8,7.63,3,0.5,15,0.8,3.3,1,High
STU0413,44.4,7.48,0,3.84,60,5.0,3.6,0,Medium
STU0414,95.0,10.0,0,2.25,53,4.4,16.9,0,Low
STU0415,78.0,5.83,0,0.5,39,2.4,7.8,0,Medium
STU0416,58.5,8.19,5,3.94,25,2.4,40.2,0,High
STU0417,99.9,6.89,3,0.5,79,6.2,1.4,0,Medium
STU0418,74.1,7.2,2,6.97,91,0.6,10.7,0,Medium
STU0419,93.2,9.09,2,1.65,64,5.1,37.6,1,Medium
STU0420,73.2,7.56,1,0.5,99,4.1,35.2,0,Low
STU0421,100.0,7.61,5,3.99,73,5.5,2.6,0,Medium
STU0422,100.0,8.41,1,2.28,63,3.9,6.9,0,Low
STU0423,67.5,6.25,1,16.39,42,5.1,14.5,1,Medium
STU0424,89.5,5.54,0,3.54,16,3.0,2.6,0,Medium
STU0425,83.6,5.23,3,1.45,58,4.4,51.6,1,Medium
STU0426,96.6,3.85,2,5.56,22,5.5,36.9,0,Medium
STU0427,54.6,9.88,1,1.43,6,4.8,2.7,0,Medium
STU0428,84.3,5.15,0,10.56,43,5.3,1.9,0,Medium
STU0429,91.1,6.47,3,2.11,52,2.6,1.3,0,Medium
STU0430,40.3,6.38,0,3.59,70,3.3,36.0,1,High
STU0431,50.7,7.26,2,0.5,78,3.4,3.2,0,Medium
STU0432,35.3,8.02,5,2.5,33,3.9,8.1,1,High
STU0433,67.2,8.09,1,8.04,45,7.2,8.9,0,Medium
STU0434,84.9,5.93,0,7.37,67,3.8,13.7,0,Medium
STU0435,99.0,6.55,2,1.14,77,2.2,1.1,0,Medium
STU0436,73.3,7.22,3,1.15,77,5.6,3.9,0,Medium
STU0437,100.0,6.43,1,7.65,15,7.2,40.2,1,Low
STU0438,47.2,9.21,5,11.99,70,2.0,35.9,1,High
STU0439,41.3,7.54,0,0.5,95,8.4,22.8,0,Medium
STU0440,71.0,7.9,1,2.69,18,5.3,0.3,0,Medium
STU0441,78.9,7.79,2,1.85,1,6.6,5.9,0,Medium
STU0442,71.4,8.56,3,9.2,9,7.4,14.8,0,Medium
STU0443,34.8,7.07,0,0.5,49,6.4,4.8,0,Medium
STU0444,70.4,4.85,3,1.07,80,4.3,36.1,0,High
STU0445,48.5,7.4,1,6.28,100,6.9,15.1,0,Medium
STU0446,84.1,5.82,1,0.5,11,5.0,1.1,0,Medium
STU0447,78.6,6.01,0,3.05,69,6.7,36.0,0,Medium
STU0448,55.1,7.68,3,2.63,21,6.9,47.5,0,High
STU0449,62.8,8.66,0,1.83,31,2.3,1.2,0,Medium
STU0450,52.9,6.83,0,2.26,83,6.1,11.4,0,Medium
STU0451,70.9,7.26,0,3.4,0,4.1,5.4,1,Medium
STU0452,89.2,9.35,3,0.79,53,4.8,7.5,0,Medium
STU0453,54.3,7.16,2,3.82,57,4.8,3.0,0,Medium
STU0454,81.1,10.0,3,7.37,69,4.7,12.9,0,Low
STU0455,62.5,7.65,0,6.43,82,7.5,47.5,0,Medium
STU0456,57.7,4.16,2,0.75,17,1.8,10.5,1,High
STU0457,70.1,7.93,1,0.73,5,1.1,1.3,0,Medium
STU0458,53.4,7.37,3,1.4,44,0.6,14.5,1,High
STU0459,62.0,8.73,4,2.02,96,6.6,6.2,1,Low
STU0460,50.4,7.81,0,2.36,22,3.0,29.1,0,High
STU0461,100.0,6.59,2,5.12,22,4.8,8.6,0,Medium
STU0462,72.6,4.96,0,0.5,25,4.3,3.2,1,Medium
STU0463,59.4,6.49,1,0.5,76,2.7,3.2,0,Medium
STU0464,75.9,5.52,0,2.24,6,6.2,22.0,0,Medium
STU0465,70.0,5.93,0,5.38,78,4.2,4.6,0,Medium
STU0466,68.0,7.68,1,0.97,43,4.0,21.9,0,Medium
STU0467,83.1,9.3,2,4.62,26,5.0,3.5,0,Low
STU0468,85.6,7.39,0,1.35,25,5.9,5.8,0,Medium
STU0469,62.5,5.01,2,9.78,96,2.6,9.4,1,Medium
STU0470,61.6,7.47,1,10.17,78,6.2,43.0,0,Medium
STU0471,67.0,8.59,0,1.59,35,7.4,40.3,1,Low
STU0472,30.6,5.89,3,1.18,54,1.6,3.5,0,High
STU0473,44.7,6.6,0,2.38,63,5.1,6.7,0,Medium
STU0474,96.6,6.82,1,1.24,90,3.9,2.4,0,Medium
STU0475,100.0,5.62,2,5.02,56,5.9,10.7,0,Medium
STU0476,67.5,7.77,0,7.87,68,2.1,9.3,0,Medium
STU0477,82.4,6.62,0,5.03,60,7.8,34.7,0,Medium
STU0478,77.6,7.43,1,7.83,1,1.3,39.9,1,Medium
STU0479,100.0,5.47,5,2.28,54,4.0,7.3,0,Medium
STU0480,92.2,6.14,2,0.76,96,5.4,10.2,0,Medium
STU0481,69.7,7.88,2,6.03,79,3.1,34.0,1,Medium
STU0482,54.8,6.24,2,2.01,86,2.8,24.7,1,High
STU0483,43.1,9.39,0,5.01,37,4.9,0.1,0,Medium
STU0484,75.7,6.2,1,1.42,79,4.7,5.8,0,Medium
STU0485,58.4,7.14,2,0.5,77,4.5,8.2,1,Medium
STU0486,46.4,8.2,0,22.07,28,6.2,3.9,0,Medium
STU0487,60.4,4.67,0,0.76,25,3.7,3.3,0,Medium
STU0488,52.5,4.16,0,20.06,34,5.1,0.6,0,Medium
STU0489,100.0,4.51,1,17.03,78,3.5,15.5,1,Low
STU0490,87.9,8.69,6,7.11,66,2.8,4.6,0,Medium
STU0491,71.9,5.97,0,4.85,86,3.9,0.8,1,Medium
STU0492,98.6,10.0,1,3.88,28,3.5,3.9,0,Low
STU0493,73.4,5.95,0,9.05,33,3.6,24.3,1,Medium
STU0494,56.5,7.08,5,1.54,96,6.8,28.6,0,Medium
STU0495,99.4,9.11,0,2.84,40,4.0,9.9,0,Low
STU0496,81.7,9.81,1,4.35,40,3.2,8.1,1,Low
STU0497,53.3,9.89,2,2.38,22,4.6,57.2,0,Medium
STU0498,68.6,8.61,2,2.51,70,4.7,3.4,0,Medium
STU0499,56.2,8.34,1,1.8,2,2.1,3.6,0,Medium
STU0500,47.1,7.69,0,3.74,57,3.9,5.2,0,Medium
STU0501,88.7,7.97,1,8.55,31,3.8,2.8,0,Medium
STU0502,100.0,5.97,0,1.01,30,4.2,7.2,1,Low
STU0503,46.8,5.57,0,12.26,81,6.0,36.3,0,Medium
STU0504,82.1,6.79,1,5.26,42,4.8,14.3,0,Medium
STU0505,60.3,6.54,0,7.8,6,7.0,8.0,0,Medium
STU0506,63.2,6.12,0,3.66,0,4.5,40.9,0,High
STU0507,61.3,7.84,2,6.8,60,8.1,0.7,1,Medium
STU0508,56.4,8.23,5,0.5,13,3.6,3.5,0,High
STU0509,72.9,6.93,2,7.68,51,3.0,12.5,0,Medium
STU0510,57.0,9.02,0,0.5,95,5.6,14.3,1,Low
STU0511,76.9,5.09,0,9.93,5,7.2,0.6,0,Medium
STU0512,71.1,6.51,5,21.71,9,1.7,7.7,1,High
STU0513,67.7,5.72,0,1.57,70,4.1,15.7,1,Medium
STU0514,55.7,4.0,0,1.06,89,3.3,18.0,1,Medium
STU0515,61.6,6.68,1,6.52,97,4.8,15.2,0,Medium
STU0516,85.6,6.62,2,1.31,29,4.5,5.8,1,Medium
STU0517,81.0,9.07,2,9.03,99,7.2,1.5,1,Low
STU0518,54.4,7.75,0,0.5,20,4.3,8.4,0,Medium
STU0519,73.8,5.26,0,0.61,59,7.2,2.1,0,Medium
STU0520,85.5,9.58,5,17.42,80,3.9,44.2,0,Medium
STU0521,42.0,8.63,0,5.04,96,6.4,9.7,0,Medium
STU0522,81.8,7.67,2,8.44,73,5.0,5.7,0,Medium
STU0523,60.1,6.46,2,1.76,62,8.0,21.8,0,Medium
STU0524,82.3,5.36,2,5.08,41,1.5,10.3,0,Medium
STU0525,58.3,6.24,0,4.06,50,2.2,5.6,0,Medium
STU0526,39.5,8.43,0,4.16,63,8.2,25.1,0,Medium
STU0527,42.7,9.63,1,5.16,75,3.0,30.3,0,Medium
STU0528,72.9,9.11,3,3.85,55,3.2,16.8,1,Medium
STU0529,76.7,6.07,5,2.52,79,2.7,0.7,0,High
STU0530,55.7,5.12,0,1.45,40,6.8,12.5,0,Medium
STU0531,83.5,7.01,0,6.59,31,2.0,21.6,0,Medium
STU0532,42.1,4.15,5,1.15,14,4.5,2.2,0,High
STU0533,70.8,7.28,2,5.3,61,4.0,3.9,1,Medium
STU0534,50.2,6.58,4,1.2,26,6.6,32.1,1,Medium
STU0535,60.3,6.1,0,4.42,27,3.4,0.3,0,Medium
STU0536,72.9,4.41,1,6.19,80,5.3,21.0,1,Medium
STU0537,56.5,7.57,2,1.11,63,2.2,9.6,0,Medium
STU0538,65.1,6.0,2,0.5,58,9.0,8.9,0,Medium
STU0539,90.1,5.05,1,0.63,57,4.0,0.1,0,Medium
STU0540,61.6,3.0,0,4.19,1,4.5,25.7,1,Medium
STU0541,87.0,6.76,1,8.52,35,7.8,6.7,0,Low
STU0542,51.7,9.46,0,0.5,70,3.3,11.7,1,Medium
STU0543,81.5,9.29,1,5.96,12,7.8,17.0,1,Low
STU0544,97.9,6.11,5,1.88,14,3.7,18.2,0,High
STU0545,27.5,5.9,1,2.93,88,5.8,46.8,0,High
STU0546,57.7,7.5,3,11.89,86,3.4,11.4,1,Medium
STU0547,82.4,5.3,0,1.82,59,1.8,7.7,0,Medium
STU0548,68.3,7.25,2,2.82,21,5.3,46.1,0,Medium
STU0549,78.7,7.95,5,0.5,62,5.8,15.4,0,Medium
STU0550,61.1,8.64,0,0.5,89,1.9,5.3,0,Medium
STU0551,73.6,6.65,0,1.35,96,3.9,2.0,0,Medium
STU0552,69.2,6.49,1,0.5,74,6.9,27.7,0,Medium
STU0553,93.0,5.48,0,4.49,73,5.7,6.7,0,Low
STU0554,76.6,5.56,2,2.5,24,3.7,16.2,0,Medium
STU0555,78.1,6.46,4,3.57,100,3.3,9.5,1,Medium
STU0556,64.6,7.35,1,0.86,47,8.4,3.3,1,Low
STU0557,63.2,8.17,0,1.58,42,1.6,13.8,0,Medium
STU0558,64.2,5.6,1,4.91,37,4.4,0.9,0,Medium
STU0559,79.1,9.04,2,15.12,40,1.6,8.0,1,Medium
STU0560,64.4,6.39,0,0.5,44,7.1,11.9,0,Medium
STU0561,77.2,6.77,1,9.95,87,4.5,8.6,0,Low
STU0562,100.0,5.68,2,3.87,39,4.9,20.7,1,Medium
STU0563,87.7,3.16,2,3.73,96,10.0,26.4,1,Medium
STU0564,66.1,8.13,0,3.12,16,3.3,22.1,1,Medium
STU0565,93.6,7.91,2,0.5,87,8.0,0.6,1,Low
STU0566,64.7,6.38,0,0.5,100,3.7,3.2,0,Medium
STU0567,35.3,6.9,0,4.13,56,4.0,11.5,0,Medium
STU0568,53.9,7.57,3,1.88,1,9.8,41.0,1,Medium
STU0569,38.3,4.46,2,11.21,95,4.2,27.0,0,High
STU0570,65.7,6.01,0,2.35,61,1.8,27.7,0,Medium
STU0571,72.3,7.99,0,0.7,87,5.1,5.4,1,Low
STU0572,100.0,4.92,0,5.64,8,4.2,8.4,1,Medium
STU0573,77.9,7.24,0,1.56,67,5.2,9.5,0,Low
STU0574,68.1,4.77,0,3.35,80,4.2,2.6,1,Medium
STU0575,86.9,7.5,0,5.39,16,8.9,0.5,1,Low
STU0576,32.2,6.75,1,10.37,49,5.6,44.0,1,Medium
STU0577,76.2,4.38,2,7.07,93,2.4,4.1,0,Medium
STU0578,85.9,8.55,2,5.08,39,4.7,4.1,0,Medium
STU0579,45.4,5.7,2,5.12,57,2.9,1.3,0,High
STU0580,92.6,5.58,0,13.13,74,4.0,39.6,0,Medium
STU0581,78.1,7.1,5,1.58,84,2.7,13.0,0,High
STU0582,64.5,8.52,3,0.5,20,8.7,16.5,0,Medium
STU0583,83.4,5.28,3,1.43,17,3.1,36.4,0,Medium
STU0584,100.0,6.89,3,1.11,54,5.9,6.4,1,Low
STU0585,75.3,7.44,4,4.88,28,3.9,14.6,0,High
STU0586,76.5,7.84,1,4.52,23,2.2,0.6,1,Medium
STU0587,63.7,7.06,0,4.05,73,4.9,3.1,1,Medium
STU0588,56.7,6.25,2,0.5,16,5.3,26.7,0,High
STU0589,86.9,5.56,2,5.87,17,5.6,21.8,1,Medium
STU0590,56.6,6.93,2,1.76,41,0.5,6.5,0,High
STU0591,73.3,5.19,1,4.92,83,2.0,7.1,0,Medium
STU0592,63.4,3.0,0,3.66,100,6.4,11.4,1,Medium
STU0593,80.6,7.45,1,1.89,44,2.7,0.0,0,Medium
STU0594,78.0,8.16,4,0.65,81,4.9,4.1,1,Medium
STU0595,90.7,3.26,1,0.5,16,2.0,3.5,0,High
STU0596,62.8,5.29,1,8.01,72,6.0,4.3,1,Medium
STU0597,67.1,7.73,0,11.28,13,6.4,24.6,0,Medium
STU0598,54.4,9.89,1,4.72,48,6.0,4.9,0,Medium
STU0599,64.0,6.83,4,0.5,28,6.6,3.2,0,High
STU0600,78.8,5.71,2,2.31,94,7.6,10.5,1,Medium
STU0601,85.6,6.53,3,5.87,3,2.2,30.1,1,Medium
STU0602,55.4,8.86,1,6.81,81,2.9,4.1,0,Medium
STU0603,87.7,5.83,2,0.57,19,6.3,1.2,0,Medium
STU0604,96.4,5.6,0,0.5,46,6.8,6.6,0,Medium
STU0605,79.4,6.08,2,5.6,8,3.2,20.7,1,High
STU0606,100.0,5.37,1,1.98,76,3.0,12.0,0,Medium
STU0607,58.1,6.98,1,1.32,78,3.2,25.5,1,Medium
STU0608,49.6,9.24,2,0.5,26,1.3,48.1,1,Medium
STU0609,40.0,7.28,4,3.5,14,2.0,23.6,0,High
STU0610,98.9,6.42,0,8.57,91,2.0,13.9,0,Low
STU0611,83.8,6.36,3,14.23,100,3.9,10.2,0,Medium
STU0612,71.0,4.46,0,3.75,18,5.0,0.6,1,Medium
STU0613,77.0,8.12,1,3.25,89,5.4,62.3,0,Low
STU0614,51.7,6.68,0,0.5,51,3.5,7.3,0,Medium
STU0615,100.0,6.53,0,3.58,25,3.5,2.5,1,Low
STU0616,74.3,10.0,1,2.15,88,4.7,16.5,0,Low
STU0617,74.0,7.25,0,4.2,25,1.5,5.0,0,Medium
STU0618,85.1,5.67,1,2.21,25,6.4,13.2,0,Medium
STU0619,80.7,6.16,4,1.24,45,7.1,13.3,0,Medium
STU0620,76.0,8.52,0,0.5,91,3.2,8.9,1,Low
STU0621,57.8,6.97,2,1.7,48,3.7,27.1,0,High
STU0622,80.5,4.64,1,0.5,81,7.0,4.6,0,Medium
STU0623,100.0,8.18,2,0.88,95,4.3,8.9,1,Low
STU0624,96.2,5.8,0,19.66,52,5.7,11.6,0,Low
STU0625,100.0,9.61,0,2.64,2,4.3,16.3,1,Low
STU0626,62.8,8.42,0,3.42,65,7.6,23.0,1,Low
STU0627,54.2,6.13,0,9.31,96,5.5,7.5,0,Medium
STU0628,69.7,8.72,0,24.39,41,5.6,15.6,0,Low
STU0629,73.0,6.9,2,3.93,18,5.6,2.4,1,Medium
STU0630,91.7,8.08,4,7.53,16,3.4,40.5,0,Medium
STU0631,41.5,7.53,3,1.78,32,3.6,7.2,0,High
STU0632,99.5,5.53,2,1.64,75,6.0,19.6,1,Low
STU0633,69.2,5.83,0,2.32,48,4.8,0.3,0,Medium
STU0634,64.3,8.34,0,5.02,55,2.1,3.4,1,Medium
STU0635,53.8,6.3,0,5.16,62,8.2,10.0,0,Medium
STU0636,42.2,6.19,0,1.7,2,6.5,31.6,0,High
STU0637,86.8,5.37,1,0.64,48,4.6,11.2,0,Medium
STU0638,73.3,7.44,1,4.5,54,4.0,39.9,1,Medium
STU0639,48.8,9.89,1,0.62,25,4.9,9.9,1,Medium
STU0640,48.7,5.2,1,3.89,98,5.5,10.1,1,Medium
STU0641,66.0,6.84,3,5.32,71,0.5,1.9,0,High
STU0642,100.0,8.92,3,5.43,51,8.7,24.3,0,Low
STU0643,67.3,6.68,0,6.3,99,2.9,4.3,0,Medium
STU0644,44.9,7.48,4,9.28,6,4.5,34.5,0,High
STU0645,67.6,5.21,5,3.12,45,4.6,36.3,0,High
STU0646,67.1,7.44,0,5.9,45,8.5,43.1,0,Medium
STU0647,23.5,6.52,1,4.34,99,4.3,11.0,0,High
STU0648,71.0,8.28,1,0.93,15,7.7,17.0,1,Medium
STU0649,67.8,8.58,5,0.5,23,5.3,22.6,0,High
STU0650,84.5,10.0,3,1.51,60,2.6,2.1,1,Medium
STU0651,100.0,7.67,0,2.63,53,4.8,13.8,0,Low
STU0652,92.3,7.29,1,4.32,61,4.3,0.5,0,Medium
STU0653,67.2,7.09,1,8.54,0,2.3,10.3,0,High
STU0654,52.1,6.27,1,0.98,48,5.2,2.5,0,Medium
STU0655,100.0,7.31,0,0.6,24,4.5,3.0,0,Medium
STU0656,73.1,6.36,3,14.89,9,5.6,6.8,0,Medium
STU0657,72.3,7.05,2,0.51,79,4.9,8.5,0,Medium
STU0658,71.6,8.78,3,2.93,15,3.2,14.6,1,Medium
STU0659,75.6,5.29,3,3.96,57,6.0,1.2,1,Medium
STU0660,69.4,8.51,2,3.51,71,3.3,10.5,1,Medium
STU0661,61.7,8.78,1,0.5,28,0.5,3.0,0,Medium
STU0662,62.2,6.62,2,0.5,91,4.8,12.8,0,Medium
STU0663,71.4,3.62,0,0.5,5,3.4,15.2,0,High
STU0664,62.2,5.89,2,3.96,15,5.3,12.2,0,High
STU0665,59.2,8.75,0,3.54,19,8.5,20.1,0,Medium
STU0666,73.9,6.77,2,1.2,79,8.6,6.1,0,Low
STU0667,67.4,5.3,0,4.57,70,4.2,21.7,0,Medium
STU0668,99.1,6.04,0,7.72,77,2.8,8.5,0,Medium
STU0669,24.3,8.06,0,0.5,42,5.7,9.9,0,Medium
STU0670,91.6,7.62,0,3.1,25,3.8,15.7,1,Low
STU0671,94.4,6.44,2,5.26,89,5.3,0.3,1,Low
STU0672,34.7,6.25,2,1.31,77,3.2,15.9,1,High
STU0673,65.8,6.21,1,1.66,70,5.0,14.5,1,Medium
STU0674,65.3,5.42,0,4.28,32,2.9,5.6,0,Medium
STU0675,46.7,9.22,0,10.27,25,6.9,1.3,1,Medium
STU0676,58.0,6.32,0,7.47,44,3.3,1.4,1,Medium
STU0677,52.0,8.63,0,3.94,83,5.8,38.5,0,Medium
STU0678,100.0,9.08,4,5.9,62,2.0,17.5,0,Medium
STU0679,88.8,8.3,0,2.04,66,6.1,2.0,1,Low
STU0680,94.9,6.15,1,4.61,51,2.6,6.6,0,Medium
STU0681,85.0,7.41,0,2.82,67,5.0,13.5,1,Low
STU0682,51.7,6.76,0,0.95,25,6.5,27.1,0,Medium
STU0683,62.6,5.44,1,5.44,74,4.1,0.7,0,Medium
STU0684,80.8,7.29,2,3.66,1,2.4,4.1,0,High
STU0685,50.0,5.03,0,2.0,13,5.5,33.1,0,High
STU0686,84.8,8.58,0,10.9,29,2.8,0.1,1,Low
STU0687,67.7,6.1,1,0.5,48,3.7,3.4,1,Medium
STU0688,65.3,7.1,0,1.71,11,5.0,47.9,0,High
STU0689,84.8,7.22,0,0.5,89,7.2,14.3,0,Low
STU0690,80.0,6.41,5,6.55,43,4.6,4.6,1,Medium
STU0691,65.5,7.68,2,5.45,32,4.5,1.0,0,Medium
STU0692,92.9,6.09,1,1.81,12,6.0,0.4,0,Medium
STU0693,52.5,8.11,1,5.07,77,4.6,4.2,0,Medium
STU0694,83.1,4.78,1,2.27,87,5.8,32.0,1,Medium
STU0695,82.7,6.99,1,6.35,97,6.7,8.1,1,Low
STU0696,66.4,9.71,2,2.72,25,3.8,19.1,0,Medium
STU0697,77.9,5.3,2,2.39,20,0.5,37.6,0,High
STU0698,49.5,5.78,0,12.28,27,2.9,7.9,1,Medium
STU0699,88.6,7.57,1,1.3,47,6.9,3.2,1,Low
STU0700,68.7,7.07,1,0.58,99,4.4,10.9,0,Medium
STU0701,62.6,7.33,3,3.95,39,3.8,35.8,0,High
STU0702,90.9,7.53,2,15.68,65,6.8,24.5,1,Low
STU0703,59.3,7.75,1,2.14,72,4.3,1.0,0,Medium
STU0704,46.6,8.46,0,0.5,86,0.5,17.7,0,Medium
STU0705,44.0,7.41,2,1.87,78,1.5,12.7,0,High
STU0706,82.9,6.44,0,3.17,76,5.3,35.7,0,Medium
STU0707,49.0,7.81,0,0.79,22,4.4,2.0,0,Medium
STU0708,100.0,9.65,0,4.83,80,7.4,11.5,0,Low
STU0709,34.5,6.6,2,27.43,47,3.0,31.7,1,High
STU0710,100.0,5.34,0,2.7,1,3.9,7.9,0,Medium
STU0711,75.8,8.46,1,1.97,83,2.7,9.9,0,Medium
STU0712,70.3,6.62,4,2.3,19,3.5,1.1,0,High
STU0713,62.2,3.54,0,0.55,58,0.7,4.9,1,Medium
STU0714,79.2,8.07,1,9.67,45,3.7,5.9,1,Low
STU0715,71.3,6.0,1,2.41,2,4.4,43.5,0,High
STU0716,91.9,6.66,0,2.2,54,4.2,5.0,1,Low
STU0717,74.1,7.3,3,4.85,11,8.8,9.3,0,Medium
STU0718,74.7,7.09,0,2.63,39,8.2,16.7,1,Low
STU0719,65.5,7.86,1,4.7,65,3.0,2.7,0,Medium
STU0720,71.0,6.15,1,0.5,99,0.5,10.0,1,Medium
STU0721,77.5,7.57,2,7.56,77,4.3,20.1,0,Medium
STU0722,41.2,6.41,2,12.7,15,5.3,30.2,0,High
STU0723,47.7,7.91,0,4.71,82,2.8,14.8,1,Medium
STU0724,85.4,7.72,0,13.91,33,2.9,16.6,0,Low
STU0725,75.1,5.4,2,0.74,43,7.7,2.0,0,Medium
STU0726,68.7,8.43,1,2.92,5,4.0,43.7,0,Medium
STU0727,72.3,6.0,3,4.14,76,5.8,2.1,1,Medium
STU0728,78.3,8.01,3,3.92,63,2.6,22.4,0,Medium
STU0729,62.3,7.35,3,2.31,99,4.4,4.6,0,Medium
STU0730,58.0,9.56,1,1.86,21,3.8,40.7,1,Medium
STU0731,75.5,6.46,0,0.61,17,3.1,19.1,0,Medium
STU0732,54.4,6.28,3,2.24,11,6.8,21.0,0,High
STU0733,79.3,6.77,1,0.8,51,1.7,3.7,1,Medium
STU0734,41.4,6.35,0,5.97,93,5.1,8.8,0,Medium
STU0735,90.5,8.0,3,1.05,50,3.8,14.4,0,Medium
STU0736,80.5,4.38,4,0.5,70,5.3,22.0,0,High
STU0737,76.6,5.22,1,3.62,95,3.8,1.6,1,Medium
STU0738,89.7,5.2,0,4.07,47,6.2,49.2,0,Medium
STU0739,100.0,8.23,1,9.25,18,2.6,33.1,1,Medium
STU0740,90.3,9.37,3,3.87,5,6.8,4.7,1,Low
STU0741,38.9,6.64,4,1.91,83,4.4,26.0,0,High
STU0742,49.0,6.55,0,7.31,26,1.8,11.0,1,Medium
STU0743,60.8,6.91,0,3.5,52,5.9,9.3,0,Medium
STU0744,72.5,8.54,3,0.5,100,4.1,5.7,0,Medium
STU0745,81.3,5.41,1,3.75,47,1.1,13.0,1,Medium
STU0746,58.9,7.16,1,10.74,6,5.2,19.6,1,Medium
STU0747,75.4,8.26,5,2.27,58,6.5,7.9,0,Medium
STU0748,58.4,7.55,0,1.58,68,7.1,14.9,0,Medium
STU0749,61.0,7.08,2,0.7,10,3.7,18.0,0,High
STU0750,46.7,8.3,0,0.74,14,4.8,18.6,0,Medium
STU0751,55.4,3.0,1,2.55,63,4.6,0.8,0,High
STU0752,47.7,7.82,3,4.07,2,7.5,29.5,0,Medium
STU0753,54.4,5.82,1,0.5,68,2.9,9.2,1,Medium
STU0754,91.0,4.05,6,12.63,22,3.6,4.6,0,High
STU0755,54.9,7.57,1,6.33,52,2.8,4.2,0,Medium
STU0756,100.0,8.86,0,3.98,36,1.6,9.9,1,Low
STU0757,80.9,6.59,0,7.93,8,5.0,32.7,1,Medium
STU0758,75.3,8.23,1,0.5,14,7.7,7.1,0,Medium
STU0759,56.5,9.22,1,2.92,2,4.1,20.8,0,Medium
STU0760,84.6,8.77,0,4.48,92,2.7,1.5,0,Low
STU0761,61.6,9.26,1,7.94,69,4.9,9.7,0,Medium
STU0762,74.2,7.91,1,6.89,16,5.7,71.8,0,Medium
STU0763,100.0,6.91,2,1.46,25,4.2,22.1,1,Medium
STU0764,70.3,4.4,2,12.73,20,7.3,3.5,0,High
STU0765,92.7,6.43,2,0.6,71,2.9,10.4,0,Medium
STU0766,59.3,5.54,0,9.36,20,3.9,4.0,0,High
STU0767,71.4,10.0,0,15.92,10,5.1,7.9,0,Low
STU0768,100.0,6.54,2,0.88,37,5.3,22.7,0,Medium
STU0769,60.7,6.98,1,5.76,71,4.6,22.1,1,Medium
STU0770,100.0,7.63,0,0.5,87,1.9,3.9,0,Low
STU0771,84.7,6.87,3,2.34,34,9.2,38.3,0,Medium
STU0772,61.9,9.34,2,3.27,13,4.0,13.5,0,Medium
STU0773,83.4,5.87,1,3.91,13,4.7,7.2,1,Medium
STU0774,89.5,7.09,0,12.37,9,5.7,10.5,0,Medium
STU0775,83.2,5.69,2,5.02,11,3.2,13.9,0,Medium
STU0776,43.7,4.82,1,2.95,37,4.6,12.3,1,High
STU0777,58.9,5.88,3,7.47,33,3.1,10.0,0,High
STU0778,67.5,6.74,2,13.53,40,5.3,10.5,0,Medium
STU0779,70.7,6.16,3,0.5,9,3.9,2.9,0,High
STU0780,83.2,5.76,1,18.21,16,5.0,25.1,0,Medium
STU0781,75.2,4.69,0,0.5,16,2.4,11.7,0,Medium
STU0782,48.0,6.68,2,7.58,66,2.8,2.1,1,Medium
STU0783,78.8,4.54,2,1.48,61,1.8,21.8,0,High
STU0784,83.0,7.94,2,0.64,94,3.1,40.4,0,Medium
STU0785,82.1,6.92,0,2.61,0,0.5,44.1,0,Medium
STU0786,91.5,4.61,0,4.65,11,3.9,6.9,0,Medium
STU0787,87.0,6.34,4,2.16,3,3.4,2.2,0,Medium
STU0788,80.3,5.67,2,0.5,41,4.8,11.0,1,Medium
STU0789,70.7,7.28,4,4.12,12,4.6,1.8,0,High
STU0790,42.1,8.81,2,10.47,97,7.0,40.8,1,Medium
STU0791,79.7,3.99,1,2.17,84,9.7,3.0,0,Medium
STU0792,75.7,6.97,2,1.1,85,6.8,4.4,0,Medium
STU0793,76.9,6.56,4,2.63,3,3.6,7.8,0,High
STU0794,49.0,7.81,1,0.5,81,3.5,7.2,0,Medium
STU0795,52.5,7.12,2,7.73,68,6.2,23.7,0,Medium
STU0796,91.0,5.67,0,7.88,18,1.1,9.1,0,Medium
STU0797,71.3,6.32,1,3.99,1,3.9,2.8,1,Medium
STU0798,84.3,5.61,2,1.96,11,4.0,4.7,0,Medium
STU0799,72.5,8.41,0,7.24,80,5.7,10.7,0,Low
STU0800,72.5,6.83,0,3.64,73,5.7,2.4,0,Low
STU0801,88.9,9.65,0,7.87,97,3.0,14.2,0,Low
STU0802,62.7,6.71,0,4.49,5,3.7,12.5,0,Medium
STU0803,73.7,5.74,0,6.9,7,5.4,18.8,0,Medium
STU0804,63.7,4.53,1,4.11,50,2.9,41.6,0,Medium
STU0805,64.2,4.1,4,2.41,10,6.9,36.5,1,High
STU0806,66.4,4.42,1,14.26,62,5.7,43.8,1,Medium
STU0807,76.0,7.2,0,3.51,56,4.8,4.2,0,Medium
STU0808,63.4,7.56,0,4.18,11,5.3,2.1,0,Medium
STU0809,94.6,4.43,2,1.12,72,3.6,5.4,1,Medium
STU0810,55.9,8.14,1,4.42,1,3.2,33.8,0,Medium
STU0811,68.6,6.08,3,3.81,7,3.7,53.7,0,High
STU0812,64.1,7.02,2,0.92,10,5.5,29.4,0,Medium
STU0813,98.0,9.22,3,0.5,52,4.9,1.7,0,Low
STU0814,75.5,8.15,0,4.17,99,3.7,44.2,0,Low
STU0815,90.6,6.4,2,6.49,9,6.0,8.3,0,Medium
STU0816,45.3,5.46,0,3.33,84,4.2,0.1,0,Medium
STU0817,76.8,3.57,4,1.16,83,3.1,8.8,0,High
STU0818,88.0,5.72,2,4.94,7,5.0,0.7,1,Medium
STU0819,73.5,6.48,0,0.5,35,2.5,11.8,0,Medium
STU0820,91.2,5.32,0,2.62,92,1.1,6.2,0,Medium
STU0821,62.7,6.6,0,0.8,75,4.5,9.6,0,Medium
STU0822,97.4,6.92,2,0.92,13,3.2,14.2,1,Medium
STU0823,100.0,6.46,0,1.02,53,4.0,30.5,1,Low
STU0824,65.5,5.82,1,2.2,84,2.6,16.3,0,Medium
STU0825,64.0,7.05,0,0.5,85,6.9,8.5,0,Medium
STU0826,98.2,7.46,2,2.28,20,3.2,25.7,1,Medium
STU0827,100.0,5.16,3,3.23,49,3.6,35.4,1,Medium
STU0828,62.6,8.92,2,2.97,93,5.3,1.9,0,Low
STU0829,64.4,6.65,2,2.17,38,1.7,11.4,0,High
STU0830,66.9,6.83,0,8.22,19,1.6,5.0,0,Medium
STU0831,47.8,7.86,0,0.71,87,5.3,0.7,1,Medium
STU0832,55.5,7.15,2,3.17,86,3.6,16.6,0,Medium
STU0833,53.9,8.23,1,0.5,6,2.7,29.8,0,High
STU0834,58.2,7.23,1,0.5,8,5.7,2.7,1,Medium
STU0835,71.4,5.88,0,3.84,0,2.9,25.1,1,Medium
STU0836,76.2,7.34,0,3.76,25,4.0,28.8,1,Medium
STU0837,99.9,5.08,0,9.47,37,2.7,36.9,1,Medium
STU0838,54.0,6.96,3,3.67,37,5.1,4.6,0,High
STU0839,89.7,6.75,0,14.46,60,7.2,35.1,0,Low
STU0840,68.1,6.49,1,0.5,43,0.8,5.8,0,Medium
STU0841,71.1,6.61,0,0.5,85,4.7,12.1,1,Medium
STU0842,84.1,3.98,2,0.5,43,6.2,0.8,0,Medium
STU0843,51.8,5.98,0,0.92,73,3.7,0.7,1,Medium
STU0844,78.9,6.94,4,3.51,61,2.2,19.1,0,Medium
STU0845,75.0,7.04,4,4.67,5,5.3,8.8,1,High
STU0846,80.9,5.26,0,0.5,16,6.5,4.4,0,Medium
STU0847,77.2,8.7,4,13.13,50,6.3,3.2,0,Medium
STU0848,100.0,5.5,6,8.31,37,5.2,16.6,1,Medium
STU0849,60.5,8.25,3,1.58,23,4.7,0.0,0,Medium
STU0850,62.4,7.44,3,0.5,50,2.7,24.6,1,Medium
STU0851,60.8,5.83,0,0.84,9,6.2,1.2,0,Medium
STU0852,62.0,9.46,1,0.61,71,6.1,3.2,1,Low
STU0853,60.5,5.01,0,0.59,20,2.2,7.3,0,Medium
STU0854,93.4,8.18,0,3.29,69,5.2,9.9,0,Low
STU0855,97.6,8.3,6,1.27,84,5.8,6.6,1,Medium
STU0856,61.7,5.79,0,2.0,56,6.3,5.8,0,Medium
STU0857,57.0,8.89,2,20.51,38,4.4,49.8,0,Medium
STU0858,80.5,6.42,3,5.19,87,2.8,15.4,0,Medium
STU0859,62.1,7.23,3,13.39,32,3.5,0.4,0,High
STU0860,83.4,7.19,6,0.69,58,2.5,8.4,0,High
STU0861,75.7,6.6,0,2.17,17,4.4,31.2,1,Medium
STU0862,44.7,8.02,0,3.64,55,4.0,5.4,0,Medium
STU0863,99.9,7.99,1,0.5,91,8.8,1.5,0,Low
STU0864,100.0,4.18,0,0.5,56,6.3,21.3,0,Medium
STU0865,61.0,8.76,0,4.99,95,6.4,14.0,0,Medium
STU0866,65.0,4.31,1,4.62,75,5.4,12.7,0,Medium
STU0867,77.1,8.35,3,2.38,47,3.8,0.8,1,Medium
STU0868,78.0,8.49,1,3.03,41,3.9,2.3,1,Medium
STU0869,83.9,5.16,0,2.42,26,4.1,14.6,0,Medium
STU0870,100.0,6.18,2,0.5,73,4.9,3.5,0,Medium
STU0871,68.8,5.14,0,1.84,51,5.3,10.5,1,Medium
STU0872,57.6,6.48,0,0.88,41,4.5,11.8,0,Medium
STU0873,47.2,6.34,2,0.5,31,3.9,5.0,0,High
STU0874,58.8,7.97,2,14.13,25,3.3,44.5,0,High
STU0875,71.4,8.77,2,4.12,24,1.7,27.7,0,Medium
STU0876,100.0,8.89,0,5.87,74,7.1,19.2,1,Low
STU0877,62.7,5.96,3,1.7,22,8.9,1.2,1,Medium
STU0878,76.0,6.49,2,2.25,97,6.9,1.7,0,Low
STU0879,71.7,4.27,1,1.22,56,2.0,10.2,0,High
STU0880,93.4,5.59,2,0.5,51,6.1,2.6,1,Low
STU0881,100.0,8.25,3,0.89,86,6.5,57.4,1,Low
STU0882,62.4,9.22,1,7.19,92,3.7,2.6,0,Medium
STU0883,63.2,4.95,1,5.09,30,5.5,10.0,0,Medium
STU0884,90.8,5.91,6,3.56,63,3.6,6.8,0,Medium
STU0885,84.3,6.76,2,2.9,70,7.6,15.3,1,Low
STU0886,100.0,7.22,1,11.5,32,5.2,2.1,1,Low
STU0887,82.5,5.59,2,0.5,84,2.7,8.4,0,Medium
STU0888,65.5,7.44,1,1.48,1,5.8,4.8,1,Medium
STU0889,82.6,6.09,0,1.94,17,6.6,32.8,0,Medium
STU0890,92.0,6.78,1,6.86,46,4.9,0.6,0,Low
STU0891,86.8,7.62,4,22.03,32,5.5,36.8,0,Medium
STU0892,81.1,6.81,4,1.24,100,4.4,26.8,0,Medium
STU0893,91.2,6.15,0,9.33,97,2.2,5.3,0,Low
STU0894,93.0,6.64,1,7.99,83,4.2,23.4,0,Medium
STU0895,96.9,6.67,0,1.15,34,5.5,0.5,0,Low
STU0896,83.7,6.24,6,2.29,50,4.2,51.1,0,High
STU0897,69.0,6.41,6,2.37,17,6.1,11.2,0,High
STU0898,74.6,9.2,2,17.22,87,3.7,5.4,0,Medium
STU0899,93.7,7.64,3,0.9,71,3.8,6.8,0,Medium
STU0900,57.3,6.36,2,7.22,29,6.2,1.0,0,Medium
STU0901,78.6,7.85,1,1.83,43,4.9,68.1,0,Medium
STU0902,64.9,6.3,0,5.91,52,3.7,0.6,1,Medium
STU0903,72.5,8.56,1,2.45,9,6.6,16.0,1,Medium
STU0904,95.0,7.35,2,3.89,86,3.1,8.8,1,Medium
STU0905,75.4,6.64,2,8.04,51,3.0,44.6,0,Medium
STU0906,72.8,7.47,1,7.34,48,0.5,4.2,0,Medium
STU0907,47.5,4.44,5,9.06,10,3.4,11.4,1,High
STU0908,85.4,5.11,0,0.5,65,7.1,9.9,0,Medium
STU0909,83.6,5.01,1,5.3,57,0.5,18.2,0,Medium
STU0910,100.0,7.01,2,0.68,89,2.6,1.1,0,Low
STU0911,66.5,9.4,2,2.42,35,5.4,3.2,1,Medium
STU0912,75.9,10.0,2,3.58,32,0.5,3.6,0,Medium
STU0913,76.5,7.76,0,2.32,46,3.5,20.1,1,Low
STU0914,100.0,7.55,0,3.3,12,6.8,3.1,1,Low
STU0915,70.3,4.1,2,25.48,39,8.6,12.8,0,Medium
STU0916,77.0,5.99,1,0.65,88,5.1,3.6,1,Medium
STU0917,82.9,5.62,0,5.06,67,2.6,29.7,0,Medium
STU0918,75.4,5.87,2,2.27,41,2.6,42.8,1,Medium
STU0919,64.0,6.55,1,0.64,18,4.8,11.0,0,Medium
STU0920,75.5,6.09,2,0.78,81,5.1,6.5,1,Medium
STU0921,91.3,3.83,3,13.42,100,8.2,4.0,0,Medium
STU0922,53.5,7.92,0,9.53,93,6.4,0.8,1,Low
STU0923,74.4,5.19,0,10.69,18,4.7,4.7,0,Medium
STU0924,59.4,7.16,2,21.47,57,3.8,15.9,0,Medium
STU0925,93.5,9.91,2,1.05,22,10.5,11.4,1,Low
STU0926,44.6,5.42,2,1.98,53,5.8,43.2,1,Medium
STU0927,61.9,3.0,3,4.98,79,3.2,7.6,0,High
STU0928,78.8,6.37,3,2.98,64,4.1,17.8,0,Medium
STU0929,100.0,8.45,5,2.44,11,2.7,10.1,0,Medium
STU0930,70.8,9.74,1,1.99,23,0.5,10.8,1,Medium
STU0931,62.0,4.96,1,4.05,33,5.1,4.7,1,Medium
STU0932,100.0,7.55,1,3.86,52,8.1,9.1,1,Low
STU0933,45.9,6.1,0,0.79,7,1.2,9.5,0,High
STU0934,32.4,6.64,1,2.87,17,4.6,18.4,0,High
STU0935,79.9,10.0,0,3.63,56,3.1,42.4,0,Medium
STU0936,63.0,4.55,4,3.8,4,5.5,6.0,1,High
STU0937,53.6,7.18,1,1.06,25,4.2,0.6,0,Medium
STU0938,84.8,7.5,1,6.1,29,1.8,10.3,1,Medium
STU0939,76.4,8.43,1,0.5,53,2.5,11.8,0,Low
STU0940,61.8,6.95,0,1.97,12,2.8,2.8,0,Medium
STU0941,49.0,7.26,0,6.82,82,7.2,21.4,0,Medium
STU0942,87.7,6.21,1,3.73,28,7.1,62.9,0,Medium
STU0943,83.7,7.2,0,1.36,2,3.9,43.7,0,Medium
STU0944,70.2,6.29,2,5.34,89,7.0,3.3,0,Medium
STU0945,100.0,7.73,4,3.77,57,4.2,31.2,0,Medium
STU0946,52.7,6.25,4,7.16,75,3.8,18.3,1,High
STU0947,44.5,7.37,2,5.98,1,4.6,9.1,0,High
STU0948,59.5,6.76,0,4.24,74,5.1,11.7,0,Medium
STU0949,71.2,8.49,3,3.01,27,3.4,28.4,0,High
STU0950,76.4,6.72,4,0.64,81,4.5,9.8,0,Medium
STU0951,67.7,4.14,0,1.36,76,6.1,7.0,1,Medium
STU0952,78.3,8.69,2,2.44,100,4.8,10.2,0,Low
STU0953,49.5,5.44,0,4.12,85,4.6,13.0,1,Medium
STU0954,98.0,5.82,3,3.24,75,5.5,3.1,0,Medium
STU0955,70.5,5.91,6,1.53,1,5.8,34.7,0,High
STU0956,92.1,8.86,0,0.5,100,4.4,16.8,0,Low
STU0957,78.2,3.6,4,3.09,6,3.6,15.0,0,High
STU0958,80.2,10.0,2,1.51,25,4.9,1.6,0,Low
STU0959,82.3,8.38,5,5.97,89,1.3,13.9,1,Medium
STU0960,80.1,7.13,1,0.5,87,4.1,1.9,0,Medium
STU0961,83.6,6.72,3,3.96,75,0.5,1.2,0,Medium
STU0962,95.9,7.23,0,12.77,15,1.1,11.2,0,Medium
STU0963,75.5,7.58,0,0.86,22,0.8,7.7,0,Medium
STU0964,84.8,7.77,0,2.87,39,6.6,13.3,0,Low
STU0965,70.4,7.63,5,0.5,59,4.5,1.4,0,Medium
STU0966,97.9,6.93,3,4.42,72,2.0,8.5,0,Medium
STU0967,59.8,6.5,3,3.6,31,5.5,2.9,0,Medium
STU0968,100.0,6.57,4,2.35,14,6.5,65.3,1,Medium
STU0969,71.3,6.51,0,3.32,100,5.5,12.4,1,Low
STU0970,46.2,8.5,1,10.21,12,4.1,17.4,0,Medium
STU0971,74.3,7.69,0,0.98,4,5.0,5.9,0,Medium
STU0972,59.7,3.0,0,0.5,74,6.3,1.5,1,Medium
STU0973,87.1,7.78,0,8.9,73,3.6,55.9,0,Medium
STU0974,60.3,7.09,1,3.87,51,4.6,5.1,0,Medium
STU0975,64.0,6.77,0,9.96,76,4.0,8.3,0,Medium
STU0976,38.0,6.22,0,4.09,40,1.3,15.7,0,High
STU0977,63.9,8.49,0,7.48,52,6.3,0.4,0,Low
STU0978,28.4,8.22,0,2.53,49,8.6,24.9,1,Medium
STU0979,43.5,5.64,5,6.24,14,2.8,11.5,1,High
STU0980,85.7,7.41,2,10.99,6,6.4,4.9,1,Medium
STU0981,86.1,5.34,5,3.82,39,2.8,1.0,1,High
STU0982,79.7,4.73,1,0.9,27,4.8,2.7,0,Medium
STU0983,54.6,5.86,0,1.41,31,7.5,33.8,0,Medium
STU0984,71.1,8.09,3,1.0,98,3.5,17.4,1,Medium
STU0985,71.9,8.23,0,1.28,14,4.5,4.3,1,Medium
STU0986,51.1,7.57,0,1.65,99,0.9,1.0,0,Medium
STU0987,99.1,7.89,0,3.64,84,3.2,17.6,1,Low
STU0988,87.8,7.57,0,3.99,69,0.7,12.7,0,Low
STU0989,68.0,5.84,0,2.5,64,5.4,7.8,0,Medium
STU0990,72.5,7.45,1,4.3,3,6.2,6.8,0,Medium
STU0991,75.8,8.0,2,0.5,10,4.1,3.7,0,Medium
STU0992,35.2,7.93,0,0.5,25,5.1,16.6,0,High
STU0993,67.6,8.58,0,0.85,60,3.8,52.9,0,Medium
STU0994,59.7,7.86,3,3.28,36,6.0,2.9,0,Medium
STU0995,54.0,7.33,0,1.08,22,4.8,13.6,0,Medium
STU0996,66.9,8.41,0,1.5,92,0.5,8.3,0,Medium
STU0997,100.0,6.76,3,2.3,84,6.4,8.9,1,Low
STU0998,83.5,5.48,0,7.52,90,3.7,4.4,0,Medium
STU0999,61.7,6.56,0,0.5,39,2.0,26.2,0,Medium
STU1000,82.3,5.68,1,4.72,76,3.6,10.0,0,Medium
