student_id,cgpa,technical_score,communication_score,aptitude_score,internships,projects_count,certifications,hackathons,github_repos,leadership_roles,mock_interview_score,branch,placed,expected_package_lpa
STU0001,7.35,88,84,44,2,2,0,3,16,1,97,ECE,1,15.83
STU0002,6.99,61,95,91,3,4,1,3,40,1,42,IT,1,19.53
STU0003,7.38,36,69,74,0,4,0,1,12,2,52,ECE,0,0.0
STU0004,6.9,31,60,87,0,3,2,1,25,0,79,CSE,0,0.0
STU0005,4.96,35,77,48,0,3,1,1,8,1,66,ME,0,0.0
STU0006,7.41,65,90,45,1,1,0,0,4,0,59,ME,0,0.0
STU0007,7.02,61,81,37,1,1,1,3,38,0,52,CSE,0,0.0
STU0008,6.25,74,67,62,0,2,2,1,32,0,63,CSE,1,12.97
STU0009,8.72,71,65,47,0,1,2,0,3,0,93,EEE,0,0.0
STU0010,8.2,82,84,64,1,1,1,0,27,0,84,CSE,1,14.06
STU0011,10.0,38,42,72,1,2,3,0,25,1,100,IT,1,11.05
STU0012,8.4,78,66,79,0,4,0,0,3,0,38,ECE,0,0.0
STU0013,6.63,31,76,32,2,0,0,0,15,0,33,CE,0,0.0
STU0014,6.31,96,100,88,0,1,0,0,36,0,95,CSE,1,14.13
STU0015,6.81,40,51,57,1,2,2,0,21,0,62,IT,0,0.0
STU0016,6.6,79,68,75,2,2,2,1,35,2,61,CSE,1,12.65
STU0017,7.53,64,87,93,1,1,0,0,37,0,73,ECE,1,12.44
STU0018,5.55,44,59,99,0,5,2,0,34,0,66,CSE,1,11.65
STU0019,8.18,60,47,76,0,2,1,1,24,1,96,IT,1,12.37
STU0020,7.51,91,47,43,2,2,4,2,7,1,89,IT,1,13.9
STU0021,8.04,57,68,36,0,0,2,1,16,1,88,ECE,0,0.0
STU0022,6.03,54,55,60,1,2,2,0,17,1,65,ECE,0,0.0
STU0023,7.7,54,100,80,3,4,2,1,11,2,78,IT,1,19.28
STU0024,8.96,30,36,58,3,1,4,0,32,0,80,IT,1,15.2
STU0025,6.37,88,98,44,1,2,4,0,22,2,37,ME,1,12.91
STU0026,6.33,98,94,54,2,0,2,0,11,1,79,EEE,1,15.61
STU0027,8.25,71,75,90,3,5,1,1,10,1,70,ECE,1,15.25
STU0028,6.24,63,47,70,0,0,1,1,12,1,67,CSE,0,0.0
STU0029,7.12,95,42,98,0,4,1,1,34,1,84,CSE,1,13.95
STU0030,9.17,47,54,33,0,2,2,0,26,0,97,CE,0,0.0
STU0031,6.35,34,37,86,0,2,1,2,24,0,47,ECE,0,0.0
STU0032,9.25,49,61,60,2,3,4,0,39,2,94,CSE,1,18.3
STU0033,7.0,95,46,32,1,1,1,0,2,0,93,ECE,1,12.45
STU0034,6.05,91,77,96,2,2,3,0,24,0,41,ME,1,17.99
STU0035,8.12,61,92,79,2,2,1,1,9,1,70,CSE,1,13.6
STU0036,7.53,87,69,46,1,0,2,0,16,0,71,CSE,1,10.17
STU0037,7.42,79,44,89,1,4,1,1,2,0,89,EEE,1,14.82
STU0038,6.48,67,35,95,0,0,2,2,21,1,79,ECE,0,0.0
STU0039,7.52,84,92,53,2,3,1,0,37,1,65,CSE,1,20.14
STU0040,4.92,57,37,61,1,2,1,1,13,0,77,CE,0,0.0
STU0041,7.66,51,61,48,1,1,3,0,26,2,100,IT,1,11.85
STU0042,8.96,72,74,95,0,3,0,0,19,0,37,CE,1,11.33
STU0043,5.28,65,81,89,3,2,1,0,17,0,54,CSE,1,14.03
STU0044,6.91,81,42,95,2,2,0,3,12,0,36,IT,1,12.03
STU0045,6.35,65,53,44,1,2,3,0,5,1,37,ME,0,0.0
STU0046,5.59,57,69,64,1,1,1,2,9,0,60,ECE,0,0.0
STU0047,4.94,87,43,98,1,4,2,0,36,0,41,ME,1,14.39
STU0048,5.98,65,99,56,0,2,0,2,28,1,86,CE,1,13.28
STU0049,7.11,99,91,36,0,1,1,2,5,0,95,ME,0,0.0
STU0050,8.78,38,90,35,1,3,3,1,38,1,41,EEE,1,11.14
STU0051,5.57,50,30,62,0,0,0,2,10,1,56,ME,0,0.0
STU0052,7.75,93,95,87,1,1,2,0,24,2,75,IT,1,15.88
STU0053,7.66,90,61,78,1,2,1,1,29,1,36,ME,1,12.87
STU0054,9.41,69,42,46,0,4,1,1,19,0,90,ECE,1,12.81
STU0055,8.09,85,62,71,0,5,2,1,36,0,87,ME,1,17.4
STU0056,8.15,33,61,69,0,3,2,2,15,1,87,CSE,1,10.89
STU0057,8.24,60,85,75,0,2,2,0,30,1,42,CSE,0,0.0
STU0058,6.29,56,53,100,1,3,2,0,28,0,82,IT,1,15.31
STU0059,6.71,87,33,99,1,2,1,0,5,1,94,CE,1,10.45
STU0060,8.74,54,52,97,3,1,1,2,28,0,78,CSE,1,14.56
STU0061,4.94,98,58,30,0,5,0,3,31,2,64,ECE,1,10.26
STU0062,6.58,99,50,81,2,1,2,1,8,2,46,CSE,1,11.95
STU0063,5.8,34,59,64,0,2,3,1,36,2,96,IT,1,9.56
STU0064,7.68,37,49,98,1,4,0,1,22,1,39,CSE,1,15.05
STU0065,6.89,38,45,34,1,3,1,1,15,2,63,CE,0,0.0
STU0066,8.15,44,96,46,1,0,0,0,17,0,33,ME,0,0.0
STU0067,7.27,36,78,82,1,0,4,1,18,1,58,ECE,0,0.0
STU0068,5.54,44,87,81,0,2,3,1,1,1,75,CSE,0,0.0
STU0069,5.6,66,73,43,0,2,1,1,9,2,75,ECE,0,0.0
STU0070,7.39,68,54,58,2,2,1,0,11,1,88,IT,1,10.88
STU0071,6.47,35,52,37,0,2,1,2,17,0,90,IT,0,0.0
STU0072,6.76,86,88,30,0,5,2,2,18,1,97,CE,1,14.9
STU0073,8.53,48,30,58,0,1,2,1,37,1,95,CE,0,0.0
STU0074,8.31,92,44,65,0,2,1,1,36,0,63,CSE,1,11.11
STU0075,9.56,60,81,80,1,2,3,1,26,0,34,CSE,1,13.67
STU0076,7.02,39,87,66,1,1,2,1,13,1,38,IT,0,0.0
STU0077,6.63,96,70,98,0,1,0,0,33,0,49,IT,1,13.4
STU0078,7.9,91,73,82,0,4,2,2,1,0,50,CE,1,14.1
STU0079,6.73,32,33,81,1,4,1,1,32,0,46,ME,0,0.0
STU0080,6.77,47,97,41,2,1,4,1,18,2,41,ECE,1,9.46
STU0081,7.16,54,36,81,3,4,1,1,26,1,96,CSE,1,16.53
STU0082,9.38,49,75,30,2,1,1,1,29,0,34,CE,0,0.0
STU0083,8.24,87,38,36,2,3,2,2,6,1,89,EEE,1,14.72
STU0084,8.37,79,62,46,2,0,2,1,26,1,82,ECE,1,14.8
STU0085,9.33,39,62,72,1,4,1,2,20,0,81,ECE,1,13.15
STU0086,8.48,50,33,100,0,0,4,1,6,0,77,CSE,0,0.0
STU0087,6.04,58,94,46,1,2,1,3,24,1,48,CSE,1,13.49
STU0088,8.46,39,63,88,0,3,1,2,37,0,46,ME,0,0.0
STU0089,8.62,42,93,32,2,1,3,0,17,1,83,EEE,1,14.45
STU0090,8.18,76,54,58,1,2,0,2,32,0,97,IT,1,14.16
STU0091,7.17,52,84,51,1,0,1,1,32,0,64,IT,0,0.0
STU0092,8.06,79,38,67,0,3,2,3,31,2,70,ME,1,15.67
STU0093,7.38,33,46,83,1,2,0,1,24,0,42,ME,0,0.0
STU0094,6.23,96,50,79,0,2,4,0,13,1,62,EEE,1,13.26
STU0095,6.52,82,89,98,0,4,1,0,37,0,44,ECE,1,13.94
STU0096,8.24,31,42,59,0,2,2,1,37,0,92,EEE,0,0.0
STU0097,6.31,97,32,52,0,0,0,2,3,0,44,IT,0,0.0
STU0098,6.43,94,97,76,1,3,1,1,17,0,60,ECE,1,14.72
STU0099,8.3,86,33,50,1,3,2,0,9,0,57,ME,1,9.06
STU0100,7.56,99,36,49,2,5,2,1,34,0,39,ECE,1,14.85
STU0101,8.09,36,55,52,1,1,3,1,34,1,86,CSE,0,0.0
STU0102,5.93,48,53,97,0,2,1,0,39,1,100,ECE,0,0.0
STU0103,8.06,73,39,50,3,4,2,0,22,0,62,IT,1,15.63
STU0104,6.61,92,42,50,1,3,1,0,24,1,36,IT,0,0.0
STU0105,6.18,94,73,30,1,3,2,0,0,0,34,CSE,0,0.0
STU0106,6.79,68,68,44,1,1,2,0,17,0,86,ECE,0,0.0
STU0107,9.03,55,48,46,2,1,0,0,14,1,69,ME,1,11.83
STU0108,6.96,73,80,80,0,1,2,2,24,0,57,ECE,0,0.0
STU0109,10.0,41,48,92,0,4,0,0,31,0,65,ME,1,9.8
STU0110,4.93,51,81,43,2,1,2,0,19,0,85,CE,1,13.58
STU0111,5.54,43,76,88,0,2,2,0,16,1,76,ECE,0,0.0
STU0112,8.99,59,59,79,2,2,0,1,10,1,100,CSE,1,13.74
STU0113,9.29,73,75,63,1,2,4,1,12,0,69,ME,1,13.9
STU0114,6.36,67,50,35,1,2,1,0,24,0,88,ECE,1,13.03
STU0115,7.48,88,77,78,2,3,4,1,19,1,72,ECE,1,16.44
STU0116,8.25,71,91,35,0,2,0,1,24,1,95,ECE,1,13.77
STU0117,7.12,81,87,98,2,1,4,0,30,0,38,ECE,1,12.01
STU0118,7.58,92,47,36,3,2,0,1,0,0,35,IT,0,0.0
STU0119,7.41,90,88,80,1,3,1,1,15,0,94,CE,1,18.76
STU0120,5.62,63,77,30,3,5,4,0,27,0,32,CE,1,14.76
STU0121,6.99,68,92,42,0,3,1,1,20,1,66,ECE,1,13.39
STU0122,7.41,70,41,72,2,3,0,2,29,0,62,CSE,1,14.09
STU0123,7.52,66,63,56,0,2,3,1,2,0,38,ECE,0,0.0
STU0124,5.32,94,90,100,0,3,2,0,33,2,82,IT,1,15.35
STU0125,8.3,61,82,32,0,5,2,3,5,1,80,ECE,1,16.23
STU0126,7.56,37,54,87,0,2,0,1,28,1,100,ME,0,0.0
STU0127,6.13,47,91,46,0,0,2,0,2,0,55,CSE,0,0.0
STU0128,9.56,74,33,74,2,5,0,0,32,1,45,EEE,1,15.31
STU0129,6.98,62,42,87,2,3,4,1,10,1,69,EEE,1,16.13
STU0130,7.06,34,71,85,0,2,2,2,4,0,80,CSE,0,0.0
STU0131,8.17,65,78,83,0,5,2,0,31,2,68,CE,1,14.18
STU0132,9.66,52,85,58,2,2,1,0,17,1,84,CSE,1,13.81
STU0133,8.22,69,76,83,0,2,3,1,19,1,65,ME,1,13.35
STU0134,8.39,34,37,56,0,3,2,3,38,0,94,CSE,1,9.28
STU0135,6.2,63,84,74,1,1,3,0,39,0,74,CSE,1,13.95
STU0136,7.5,53,47,60,1,3,1,2,27,0,38,CSE,0,0.0
STU0137,6.76,46,64,65,0,1,2,1,12,0,66,EEE,0,0.0
STU0138,8.24,100,61,90,1,1,2,2,25,1,30,IT,1,14.22
STU0139,8.36,51,53,66,1,2,0,1,15,0,95,CSE,1,8.49
STU0140,9.36,44,36,96,0,2,1,0,24,1,92,ME,1,13.4
STU0141,4.81,44,42,65,2,1,0,1,9,0,72,CSE,0,0.0
STU0142,6.64,54,98,34,1,5,1,2,28,0,57,CSE,1,13.34
STU0143,8.96,82,71,75,0,2,1,0,37,1,60,IT,1,15.55
STU0144,5.72,50,60,81,0,1,1,1,19,0,98,CSE,0,0.0
STU0145,8.37,95,55,78,0,2,2,0,25,1,37,ME,1,10.71
STU0146,8.76,61,61,35,1,3,2,0,31,2,63,ECE,1,15.35
STU0147,7.37,50,81,39,0,2,0,2,38,0,78,CSE,0,0.0
STU0148,5.69,97,49,52,1,1,2,0,37,0,87,ECE,0,0.0
STU0149,7.25,73,69,46,0,1,4,2,23,0,76,EEE,1,10.71
STU0150,9.15,95,88,73,1,2,1,0,30,1,54,IT,1,14.3
STU0151,9.25,43,43,70,2,2,0,3,39,0,32,CSE,1,12.49
STU0152,7.65,44,73,44,1,3,2,0,11,1,74,IT,1,14.39
STU0153,6.23,49,77,73,1,4,2,0,35,0,81,EEE,1,13.42
STU0154,9.49,63,72,87,3,1,2,0,9,1,63,CSE,1,13.72
STU0155,8.39,65,45,79,1,4,2,2,5,1,98,ECE,1,16.51
STU0156,6.31,38,64,81,0,4,0,0,6,0,37,CSE,0,0.0
STU0157,7.81,100,82,99,1,4,3,0,30,0,56,ECE,1,14.61
STU0158,7.76,59,63,97,2,5,1,2,26,0,92,CE,1,18.56
STU0159,6.64,92,32,92,0,4,1,2,7,0,54,CSE,0,0.0
STU0160,7.82,64,97,87,0,2,0,2,2,0,87,CSE,1,14.09
STU0161,8.73,42,34,52,1,2,1,0,39,0,77,ECE,1,11.79
STU0162,7.04,75,39,73,1,2,2,0,20,2,30,ECE,0,0.0
STU0163,8.85,85,81,73,2,4,2,1,0,2,37,ME,1,15.18
STU0164,5.29,38,58,81,0,2,4,1,14,1,50,CE,0,0.0
STU0165,10.0,65,60,96,0,1,0,0,6,0,58,CSE,0,0.0
STU0166,7.47,32,95,57,3,1,4,0,14,1,59,ECE,1,12.64
STU0167,8.69,48,98,96,0,4,2,3,24,0,32,CSE,1,10.96
STU0168,7.66,57,66,47,0,3,1,0,2,0,36,EEE,0,0.0
STU0169,6.41,52,56,56,1,2,3,1,29,0,40,ECE,0,0.0
STU0170,7.36,36,62,80,2,1,2,1,13,0,61,CSE,1,10.76
STU0171,5.11,43,97,89,2,3,1,1,3,0,88,CSE,1,12.66
STU0172,8.23,75,88,78,3,0,3,1,35,0,41,CSE,1,16.77
STU0173,7.63,44,93,44,0,2,2,0,2,2,67,CSE,0,0.0
STU0174,7.17,96,73,97,0,2,2,0,4,0,53,CE,1,12.66
STU0175,8.3,44,78,44,0,5,3,2,24,2,94,IT,1,14.53
STU0176,7.45,80,82,80,2,2,1,0,30,0,47,ECE,1,14.77
STU0177,8.13,37,78,77,1,2,2,2,10,0,75,ME,1,11.79
STU0178,8.55,98,95,30,0,3,2,1,7,0,85,CE,1,14.12
STU0179,6.74,91,92,36,1,2,1,1,25,1,92,ECE,1,15.2
STU0180,6.4,80,54,82,0,1,0,0,1,0,36,CSE,0,0.0
STU0181,5.33,92,33,60,1,2,2,0,27,0,95,CSE,1,11.62
STU0182,7.55,97,80,47,2,5,0,1,9,0,69,IT,1,13.37
STU0183,7.94,45,40,41,0,2,2,0,38,0,83,IT,0,0.0
STU0184,5.81,53,46,77,0,3,3,3,36,1,60,CSE,1,12.79
STU0185,9.1,35,95,59,0,5,1,3,38,0,81,CSE,1,13.34
STU0186,6.41,86,99,36,0,4,0,0,20,0,60,IT,0,0.0
STU0187,4.88,60,98,32,0,3,1,0,27,1,63,ME,0,0.0
STU0188,9.19,35,58,92,1,3,2,0,37,0,36,IT,1,13.01
STU0189,5.03,58,49,35,0,4,4,3,32,1,45,CSE,0,0.0
STU0190,8.56,96,56,44,2,5,2,0,10,1,51,EEE,1,14.05
STU0191,8.27,32,37,100,0,5,0,0,0,2,82,IT,0,0.0
STU0192,7.78,57,90,72,0,3,2,1,32,0,46,CSE,1,13.0
STU0193,6.77,77,57,47,0,2,2,0,2,1,33,ME,0,0.0
STU0194,8.0,39,99,51,2,1,1,0,25,0,90,CSE,1,12.16
STU0195,8.66,62,32,90,1,2,2,0,14,1,81,ECE,1,13.47
STU0196,6.22,96,98,90,2,5,1,1,40,0,64,CE,1,20.54
STU0197,8.57,98,36,82,2,4,3,0,13,0,73,ECE,1,17.53
STU0198,8.52,41,89,55,2,2,1,1,22,1,44,CE,1,13.49
STU0199,7.75,86,33,69,2,2,1,2,7,0,90,CSE,1,13.03
STU0200,6.75,73,34,37,0,2,3,1,35,1,73,CE,0,0.0
STU0201,8.52,42,40,50,2,2,2,1,19,1,50,ECE,1,8.29
STU0202,8.01,53,44,72,3,3,1,0,5,0,76,IT,1,15.16
STU0203,6.18,73,93,50,3,2,4,0,32,0,78,CSE,1,14.81
STU0204,6.96,86,42,32,0,1,2,0,27,0,82,ECE,0,0.0
STU0205,8.38,45,36,60,1,2,1,1,37,2,56,ECE,1,11.94
STU0206,7.54,50,35,56,0,1,2,0,29,0,60,ECE,0,0.0
STU0207,8.7,80,85,56,0,5,3,0,16,1,73,ECE,1,11.98
STU0208,6.99,50,93,86,1,2,2,0,8,1,61,ECE,0,0.0
STU0209,6.2,89,79,62,3,4,1,0,27,2,59,EEE,1,20.02
STU0210,10.0,80,59,73,1,1,2,1,6,1,47,CSE,1,14.64
STU0211,5.38,50,51,72,2,1,2,1,27,1,92,IT,1,13.99
STU0212,6.8,35,54,60,0,3,3,0,16,0,45,ME,0,0.0
STU0213,7.74,94,57,94,0,3,0,1,39,0,64,ECE,1,13.66
STU0214,8.58,87,68,46,1,2,2,1,4,0,91,CE,1,13.18
STU0215,8.18,35,96,44,0,1,0,1,4,1,38,IT,0,0.0
STU0216,10.0,94,34,63,2,0,2,2,13,1,91,ECE,1,18.73
STU0217,7.26,63,94,33,0,3,4,0,5,1,68,IT,1,12.45
STU0218,6.35,85,44,57,1,1,0,0,6,1,80,CSE,0,0.0
STU0219,7.14,32,96,31,1,2,1,1,16,0,39,CE,0,0.0
STU0220,7.02,71,69,46,0,3,2,3,8,0,81,ECE,1,10.06
STU0221,7.32,91,98,87,2,0,2,1,30,0,41,ECE,1,13.35
STU0222,6.22,35,72,38,1,1,1,2,21,0,91,ME,0,0.0
STU0223,8.34,35,30,60,1,0,2,2,8,1,32,ECE,0,0.0
STU0224,7.84,92,51,95,2,5,3,1,15,0,40,ECE,1,17.23
STU0225,5.88,49,91,91,0,2,2,1,35,1,37,ECE,1,11.78
STU0226,8.56,50,55,48,2,4,2,0,33,1,52,ME,1,16.22
STU0227,6.43,31,47,84,0,1,1,1,12,0,39,ME,0,0.0
STU0228,5.98,85,77,57,0,3,3,1,18,0,47,ECE,0,0.0
STU0229,7.5,39,38,79,3,1,1,1,11,0,68,CSE,0,0.0
STU0230,5.29,99,30,94,2,2,1,0,35,0,55,IT,1,11.34
STU0231,8.11,52,38,32,0,4,1,0,9,1,40,IT,0,0.0
STU0232,4.0,59,52,81,1,3,2,2,15,0,39,CSE,0,0.0
STU0233,6.16,66,74,39,3,3,3,1,27,1,32,CSE,1,14.62
STU0234,9.29,84,31,50,0,4,0,3,18,1,91,CSE,1,11.65
STU0235,6.58,78,43,66,0,1,3,0,39,0,100,IT,0,0.0
STU0236,6.79,63,67,44,1,2,3,0,5,1,90,IT,1,13.66
STU0237,8.93,73,69,38,0,2,2,0,3,1,33,CSE,0,0.0
STU0238,6.45,51,92,73,0,4,2,2,29,1,90,IT,1,14.75
STU0239,8.32,60,45,68,2,1,0,0,38,0,37,CSE,0,0.0
STU0240,8.81,36,35,34,0,4,0,2,30,0,42,CSE,0,0.0
STU0241,7.97,50,32,54,2,2,3,0,26,0,41,EEE,0,0.0
STU0242,5.67,45,43,85,1,3,1,2,20,0,64,IT,0,0.0
STU0243,6.68,49,95,93,1,1,1,2,36,1,83,IT,1,14.46
STU0244,10.0,72,96,81,1,2,2,2,8,1,80,ECE,1,15.34
STU0245,6.81,73,60,38,1,3,3,0,34,2,72,ECE,1,13.14
STU0246,10.0,76,62,39,0,2,2,1,20,0,95,IT,1,15.67
STU0247,9.45,48,30,39,0,4,1,0,16,0,44,CE,0,0.0
STU0248,8.02,77,73,91,2,3,1,0,23,1,78,ECE,1,16.88
STU0249,7.76,98,44,89,0,2,2,0,30,0,63,ECE,1,10.13
STU0250,6.84,40,66,48,0,4,0,1,5,0,68,IT,0,0.0
STU0251,7.29,58,56,67,3,3,1,0,34,0,55,EEE,1,14.88
STU0252,6.57,74,77,35,3,3,1,2,36,0,98,CE,1,20.03
STU0253,7.32,97,56,44,0,1,2,0,12,1,77,CE,0,0.0
STU0254,5.77,65,41,76,0,2,1,0,24,0,80,CSE,0,0.0
STU0255,5.7,77,96,74,1,3,1,0,31,1,33,ME,0,0.0
STU0256,8.96,44,59,34,2,4,0,2,0,1,56,CE,1,16.97
STU0257,5.47,73,95,82,0,2,0,0,34,0,71,CSE,1,13.6
STU0258,8.46,96,36,95,0,1,1,2,18,2,85,IT,1,12.64
STU0259,5.13,69,63,91,2,2,2,1,11,0,98,EEE,1,16.37
STU0260,8.16,43,61,52,2,0,2,3,39,2,47,CSE,0,0.0
STU0261,7.15,92,68,73,2,3,1,0,39,0,90,IT,1,18.86
STU0262,8.99,80,72,81,0,3,1,1,19,1,33,CE,1,10.65
STU0263,7.0,87,72,75,1,2,1,1,32,0,30,ME,0,0.0
STU0264,4.99,44,32,48,1,4,1,2,28,1,79,IT,0,0.0
STU0265,7.17,94,75,76,0,2,0,0,15,1,99,ECE,1,14.67
STU0266,7.59,84,61,81,0,3,0,2,13,0,49,IT,1,10.97
STU0267,7.24,39,72,53,0,1,1,0,6,2,49,ECE,0,0.0
STU0268,8.09,71,32,46,1,2,4,1,5,0,75,IT,1,10.54
STU0269,6.72,40,92,75,1,4,1,0,20,0,56,ECE,0,0.0
STU0270,5.88,45,69,93,2,1,4,0,35,1,55,CSE,1,11.25
STU0271,6.2,48,47,57,2,2,1,0,21,1,61,ECE,1,10.6
STU0272,6.78,60,96,79,2,2,1,2,39,0,39,CSE,1,16.9
STU0273,6.77,82,91,93,2,1,3,3,18,0,41,CSE,1,16.32
STU0274,10.0,37,39,57,0,1,0,0,24,2,53,CSE,0,0.0
STU0275,8.91,53,81,85,0,1,0,2,2,1,80,IT,1,10.75
STU0276,8.22,37,75,88,1,4,4,1,35,0,67,IT,1,14.68
STU0277,7.94,77,84,34,0,3,2,1,33,0,75,EEE,1,14.15
STU0278,7.76,59,75,83,2,2,0,0,10,2,37,IT,1,12.63
STU0279,7.77,87,89,73,0,3,0,1,26,1,84,IT,1,13.59
STU0280,7.6,84,55,71,0,0,3,0,1,2,60,CSE,0,0.0
STU0281,7.45,91,56,86,1,2,3,0,5,0,45,IT,1,13.08
STU0282,4.89,77,67,76,1,1,1,1,1,1,49,IT,0,0.0
STU0283,6.96,33,51,54,1,1,0,2,16,1,67,CSE,0,0.0
STU0284,7.11,66,55,73,1,4,3,1,39,0,44,CE,1,13.61
STU0285,6.5,37,98,44,0,1,1,3,13,1,63,ECE,0,0.0
STU0286,6.73,30,64,80,0,4,1,2,9,1,48,EEE,0,0.0
STU0287,7.76,99,95,82,2,2,2,0,32,0,98,CE,1,19.42
STU0288,8.32,76,80,63,0,0,1,0,11,1,92,EEE,1,11.82
STU0289,7.76,34,47,37,0,3,2,1,31,1,61,CSE,0,0.0
STU0290,8.29,79,72,99,1,2,3,3,23,1,66,CSE,1,17.53
STU0291,8.31,53,41,50,0,2,3,3,13,1,95,EEE,1,10.48
STU0292,7.04,76,32,36,1,1,1,2,4,0,36,CSE,0,0.0
STU0293,8.03,47,36,85,1,0,1,1,4,0,77,ECE,0,0.0
STU0294,5.3,57,35,78,2,5,1,2,31,1,40,CE,1,12.46
STU0295,6.94,34,74,71,1,2,1,0,32,0,60,IT,1,12.81
STU0296,6.8,59,68,52,0,0,1,0,3,0,73,CSE,0,0.0
STU0297,9.24,30,80,81,1,4,1,1,29,0,74,CSE,1,17.62
STU0298,7.8,75,38,82,0,1,0,2,40,0,85,ME,1,10.58
STU0299,5.8,98,52,45,0,1,0,3,16,1,61,ECE,0,0.0
STU0300,8.11,60,41,66,1,1,1,0,2,0,50,ECE,0,0.0
STU0301,8.49,99,91,47,0,2,2,2,12,0,60,IT,1,12.18
STU0302,7.29,85,69,49,1,0,2,2,35,2,30,CE,1,12.5
STU0303,8.23,57,83,75,1,2,1,1,17,1,40,IT,1,10.22
STU0304,4.41,45,36,31,2,4,2,0,22,1,97,CSE,1,12.78
STU0305,4.16,83,46,92,2,1,2,1,34,1,65,CE,1,16.33
STU0306,5.99,82,79,32,0,2,1,1,32,1,88,EEE,1,9.12
STU0307,7.58,41,53,75,0,2,0,1,35,1,96,ME,1,14.77
STU0308,9.24,49,31,78,0,2,2,1,16,1,85,CSE,1,15.79
STU0309,6.05,63,62,30,0,4,1,2,38,2,80,EEE,1,12.71
STU0310,6.38,82,50,51,0,2,0,0,33,0,58,ME,0,0.0
STU0311,7.51,93,82,43,0,0,4,0,11,2,31,IT,0,0.0
STU0312,6.81,52,75,74,1,2,1,1,4,0,35,CSE,0,0.0
STU0313,6.74,56,74,35,1,1,2,0,39,0,60,CE,1,12.42
STU0314,6.89,46,38,94,1,3,1,3,26,0,83,EEE,1,12.19
STU0315,8.98,77,35,50,1,0,0,0,39,0,69,ME,0,0.0
STU0316,8.74,50,80,33,1,1,0,1,12,1,46,ECE,0,0.0
STU0317,7.43,79,64,32,1,2,2,2,25,2,34,CSE,1,12.05
STU0318,9.39,69,82,59,1,1,1,0,13,2,31,ECE,0,0.0
STU0319,8.01,32,48,60,0,2,1,2,31,2,87,ECE,0,0.0
STU0320,8.78,46,98,63,1,1,4,1,10,0,41,CE,1,9.6
STU0321,6.37,90,54,49,1,5,1,0,37,2,34,CSE,1,11.06
STU0322,6.62,79,40,83,0,1,0,2,15,0,89,CSE,0,0.0
STU0323,6.6,35,46,54,0,4,1,0,21,1,70,ECE,0,0.0
STU0324,7.3,57,65,44,0,2,2,1,15,0,49,ECE,0,0.0
STU0325,7.47,84,50,67,1,3,1,0,12,0,30,ME,0,0.0
STU0326,7.79,87,47,52,2,1,0,0,11,2,85,CE,1,10.9
STU0327,9.77,74,89,81,0,3,1,2,17,2,99,IT,1,15.93
STU0328,8.27,48,47,95,0,2,0,2,28,1,85,ECE,1,10.82
STU0329,6.78,58,30,86,3,2,2,0,17,1,83,ME,1,13.94
STU0330,7.4,52,43,86,0,3,2,1,1,0,40,ECE,0,0.0
STU0331,9.21,61,37,81,0,2,0,2,1,1,32,CSE,0,0.0
STU0332,8.34,39,95,64,0,2,1,2,2,1,57,ME,0,0.0
STU0333,9.19,78,80,43,1,0,1,1,28,0,34,IT,1,10.66
STU0334,6.82,94,89,43,1,1,2,2,7,0,45,CSE,1,12.9
STU0335,6.55,58,63,62,1,2,1,1,10,0,60,CSE,0,0.0
STU0336,6.56,88,65,81,3,0,1,1,11,1,57,CE,1,13.92
STU0337,6.92,74,91,30,1,1,4,3,31,0,36,CE,1,12.47
STU0338,6.12,96,30,63,0,1,0,0,3,0,38,ECE,0,0.0
STU0339,7.75,80,71,48,1,1,4,0,8,0,68,CE,1,11.9
STU0340,7.77,40,30,53,0,2,0,0,23,1,72,EEE,0,0.0
STU0341,9.01,35,83,33,1,2,1,0,15,1,56,CSE,0,0.0
STU0342,5.29,96,76,65,0,4,1,0,16,1,62,CSE,1,10.58
STU0343,6.27,91,68,87,1,2,0,1,21,0,85,CSE,1,14.28
STU0344,8.37,34,59,61,0,4,0,1,6,0,31,CE,0,0.0
STU0345,7.62,38,36,38,2,3,1,0,9,0,43,ECE,0,0.0
STU0346,7.45,57,51,96,0,4,4,0,28,1,42,EEE,1,10.6
STU0347,8.92,67,79,49,1,4,1,0,35,0,53,CE,1,14.16
STU0348,6.19,72,74,91,0,3,2,0,23,0,98,ECE,1,13.19
STU0349,6.53,50,39,87,2,2,2,1,13,1,63,CSE,1,15.4
STU0350,6.38,91,43,51,2,1,2,0,13,0,48,ME,1,14.28
STU0351,4.98,75,75,96,0,1,2,3,24,1,59,ECE,0,0.0
STU0352,7.56,99,35,77,3,5,1,0,21,0,78,EEE,1,13.03
STU0353,6.77,67,50,37,0,5,0,3,22,1,72,ECE,1,11.89
STU0354,6.52,78,91,44,1,3,1,0,31,0,45,ECE,1,10.32
STU0355,6.3,68,48,61,1,4,1,2,25,0,81,ME,1,14.36
STU0356,7.38,100,91,82,0,4,0,1,26,0,78,CSE,1,14.96
STU0357,6.44,59,82,96,3,2,0,2,11,1,40,ME,1,12.08
STU0358,7.67,50,53,33,0,3,4,1,18,2,76,CSE,1,10.98
STU0359,7.95,30,85,59,0,2,4,3,18,0,64,ME,1,10.26
STU0360,7.05,61,91,42,2,2,0,1,33,1,100,ME,1,14.3
STU0361,6.97,37,63,50,1,0,0,2,31,1,58,ME,0,0.0
STU0362,7.62,98,51,70,0,2,0,2,28,2,83,CE,1,13.38
STU0363,7.37,59,97,48,0,3,1,1,20,1,52,CSE,1,11.86
STU0364,9.0,37,86,77,1,2,1,1,34,0,53,ECE,0,0.0
STU0365,7.78,48,39,92,0,4,4,0,4,1,39,ECE,0,0.0
STU0366,8.71,88,95,49,2,2,0,2,11,0,90,ECE,1,15.27
STU0367,8.13,84,37,93,1,1,1,1,6,0,37,EEE,1,12.66
STU0368,5.82,59,67,66,0,3,0,1,40,0,77,CSE,0,0.0
STU0369,6.73,65,91,60,0,3,4,0,1,2,58,CE,1,12.41
STU0370,7.34,84,57,47,1,1,3,1,24,2,55,ECE,1,10.28
STU0371,8.44,73,39,49,0,2,2,1,9,1,66,ME,0,0.0
STU0372,9.71,56,74,40,2,2,1,1,37,2,81,IT,1,16.8
STU0373,6.82,83,94,73,3,4,0,0,5,1,67,CSE,1,16.81
STU0374,7.47,77,96,93,1,3,1,0,26,0,35,IT,1,12.26
STU0375,8.36,59,38,63,1,1,1,0,34,0,37,CSE,0,0.0
STU0376,7.33,68,34,94,0,2,2,1,9,0,46,ME,0,0.0
STU0377,9.37,42,39,84,1,4,1,0,8,0,91,CE,1,14.56
STU0378,5.78,45,41,30,1,3,1,1,19,0,63,CSE,0,0.0
STU0379,8.21,73,87,67,1,4,2,1,36,0,48,IT,1,13.9
STU0380,8.2,100,50,38,0,1,1,3,34,1,99,CSE,1,17.23
STU0381,8.78,56,50,100,2,4,2,0,36,1,66,IT,1,17.77
STU0382,7.47,74,94,46,0,3,1,0,39,1,67,ECE,0,0.0
STU0383,8.47,64,32,81,1,3,0,1,7,2,44,CE,1,10.97
STU0384,7.1,57,98,47,2,2,1,1,30,0,69,EEE,1,13.55
STU0385,6.44,36,93,92,1,4,3,0,15,1,38,ECE,1,10.86
STU0386,6.26,91,78,62,0,3,1,2,27,0,82,CSE,1,11.45
STU0387,5.67,80,46,33,1,4,1,1,5,0,99,IT,0,0.0
STU0388,6.87,75,61,81,0,2,0,0,31,2,95,CSE,1,13.2
STU0389,7.77,49,99,38,2,1,2,0,27,0,81,CE,1,9.34
STU0390,7.15,67,50,93,0,2,3,2,10,0,30,EEE,0,0.0
STU0391,7.64,90,36,59,0,2,1,0,22,0,59,CE,0,0.0
STU0392,8.88,61,36,37,0,2,1,0,29,1,30,CSE,0,0.0
STU0393,6.78,55,56,34,2,2,4,0,8,2,68,CSE,1,11.86
STU0394,10.0,87,37,92,1,2,2,1,27,0,45,CSE,1,11.79
STU0395,8.31,68,57,30,1,4,2,2,23,1,46,ECE,1,9.91
STU0396,7.16,49,95,44,1,1,1,0,27,0,51,CSE,0,0.0
STU0397,7.14,79,100,67,2,2,1,0,23,0,60,IT,1,13.06
STU0398,6.19,81,76,71,0,4,2,0,14,0,69,ECE,1,13.03
STU0399,7.37,51,39,75,1,2,2,1,38,1,56,EEE,0,0.0
STU0400,4.81,82,62,82,1,2,2,0,32,0,65,IT,0,0.0
STU0401,8.91,95,36,55,0,2,0,2,33,1,33,EEE,0,0.0
STU0402,4.02,72,32,90,0,2,2,0,21,0,98,ECE,0,0.0
STU0403,7.45,52,43,96,0,1,3,0,28,0,54,ME,0,0.0
STU0404,6.03,93,73,83,0,2,4,0,33,1,59,ECE,1,10.77
STU0405,6.56,38,75,51,0,5,0,2,9,0,76,CSE,0,0.0
STU0406,6.71,36,90,55,0,2,2,1,29,0,41,ME,0,0.0
STU0407,9.71,70,65,89,1,0,2,3,10,0,56,IT,1,14.46
STU0408,6.08,83,42,68,0,3,3,0,33,1,74,CSE,1,11.42
STU0409,8.5,94,45,65,0,2,2,0,20,1,92,CSE,1,16.29
STU0410,8.79,31,34,50,2,1,4,1,12,0,84,CSE,0,0.0
STU0411,4.59,33,67,70,1,4,4,1,24,0,59,IT,0,0.0
STU0412,6.66,61,79,77,0,1,1,1,20,0,43,EEE,0,0.0
STU0413,9.18,31,67,55,1,4,2,0,0,0,85,CSE,1,13.06
STU0414,5.82,93,85,92,0,2,2,0,4,1,48,ECE,0,0.0
STU0415,8.84,43,92,65,0,3,1,0,21,1,55,EEE,0,0.0
STU0416,7.38,49,77,53,0,2,0,1,6,1,100,ECE,0,0.0
STU0417,7.33,78,88,50,3,1,0,1,12,0,67,CE,1,13.64
STU0418,7.48,37,73,47,1,3,3,2,22,1,98,CSE,1,10.93
STU0419,7.81,92,84,44,2,5,1,0,20,1,65,ECE,1,17.74
STU0420,6.25,75,84,35,3,3,3,2,5,1,47,ME,1,15.43
STU0421,7.09,50,30,72,3,3,2,0,19,1,86,IT,1,15.71
STU0422,7.84,61,37,60,1,5,2,0,11,1,52,ECE,1,10.91
STU0423,7.61,37,33,57,1,1,1,3,39,1,43,CSE,0,0.0
STU0424,7.82,45,82,37,0,0,1,1,8,0,98,ECE,0,0.0
STU0425,6.54,69,87,58,0,0,1,1,27,1,51,ME,0,0.0
STU0426,8.16,56,66,50,1,3,1,1,10,0,57,IT,0,0.0
STU0427,7.55,47,78,87,1,4,3,0,31,1,72,IT,1,15.64
STU0428,5.5,64,96,89,3,3,2,1,10,1,47,CSE,1,15.21
STU0429,6.76,81,48,79,1,4,0,2,23,1,65,IT,1,12.71
STU0430,6.33,44,30,60,1,3,3,0,14,0,36,CSE,0,0.0
STU0431,6.31,92,58,76,1,2,0,1,40,0,52,ECE,1,10.72
STU0432,6.83,82,62,63,0,1,1,2,34,0,63,IT,1,12.13
STU0433,8.14,95,81,31,1,4,2,0,16,1,50,CSE,1,11.56
STU0434,6.65,60,70,96,1,1,0,0,24,1,99,CSE,1,13.79
STU0435,7.67,90,52,81,1,2,2,0,34,1,76,ECE,1,12.97
STU0436,7.47,93,34,36,1,2,2,1,18,0,82,CE,1,13.4
STU0437,6.47,63,100,48,0,1,2,2,40,2,70,ME,1,13.23
STU0438,6.99,84,86,44,1,3,0,1,30,2,61,ECE,1,13.66
STU0439,8.44,88,35,77,1,1,1,0,16,0,43,IT,0,0.0
STU0440,7.58,32,78,43,1,4,1,1,22,1,46,IT,0,0.0
STU0441,8.06,46,51,32,1,2,4,2,0,1,54,IT,0,0.0
STU0442,8.93,75,33,79,0,3,0,0,9,1,93,ECE,1,12.11
STU0443,7.92,67,93,83,0,3,1,2,7,2,77,CSE,1,12.36
STU0444,5.1,64,66,35,0,3,3,2,25,0,64,CSE,1,10.9
STU0445,7.72,30,60,78,1,4,2,0,33,1,66,CE,1,14.99
STU0446,6.66,58,66,52,1,1,3,0,18,1,84,IT,1,11.0
STU0447,9.57,33,74,49,2,0,4,1,13,1,46,EEE,0,0.0
STU0448,7.88,90,37,89,0,0,1,1,7,1,57,CSE,1,10.07
STU0449,6.68,46,69,74,0,4,1,2,0,2,30,CSE,0,0.0
STU0450,8.08,57,34,90,1,5,0,1,24,0,82,CSE,1,14.14
STU0451,7.51,79,57,85,1,2,0,0,23,1,84,CSE,1,13.94
STU0452,5.34,37,38,31,1,3,2,0,19,0,90,ME,0,0.0
STU0453,8.44,63,31,74,2,0,0,2,29,0,42,EEE,1,11.14
STU0454,6.91,88,92,69,2,1,2,0,4,0,76,ME,1,14.54
STU0455,9.1,47,80,53,0,3,0,1,2,1,93,ME,0,0.0
STU0456,7.25,88,60,58,3,0,1,0,31,2,61,CE,1,16.26
STU0457,9.13,56,36,96,0,2,2,0,16,0,57,CSE,1,12.57
STU0458,7.91,45,59,97,1,3,1,0,4,0,82,IT,1,12.04
STU0459,8.57,39,87,95,1,3,2,0,10,1,60,CE,1,11.92
STU0460,6.81,51,32,83,1,2,4,1,37,1,37,CSE,0,0.0
STU0461,7.82,45,80,82,0,3,3,0,3,2,54,CE,0,0.0
STU0462,5.33,41,85,78,0,2,1,3,38,0,62,ME,0,0.0
STU0463,7.25,80,39,61,1,0,3,1,18,0,97,CSE,1,12.77
STU0464,5.62,30,90,90,0,3,0,1,38,0,36,CSE,0,0.0
STU0465,6.03,56,79,71,0,1,2,0,22,0,95,ECE,0,0.0
STU0466,6.33,96,76,30,1,0,0,1,16,0,75,CSE,0,0.0
STU0467,8.19,41,30,92,1,2,0,0,12,0,34,CSE,0,0.0
STU0468,7.22,59,86,64,1,4,4,3,26,0,46,ME,1,14.66
STU0469,7.44,38,67,80,0,1,1,1,0,0,81,ECE,0,0.0
STU0470,7.19,82,91,100,2,0,3,0,1,2,41,CE,1,12.93
STU0471,8.7,90,99,74,0,1,1,1,17,0,91,EEE,1,13.65
STU0472,7.4,83,94,94,2,2,3,0,35,0,64,CE,1,17.35
STU0473,7.7,66,91,43,1,2,4,0,32,1,91,ME,1,16.3
STU0474,6.72,94,85,32,1,1,1,3,35,1,50,IT,1,14.79
STU0475,8.78,71,96,53,2,3,2,0,1,1,95,CE,1,15.12
STU0476,8.87,78,46,94,0,3,2,1,3,1,82,CSE,1,12.13
STU0477,7.36,33,37,77,0,3,4,3,15,1,50,ECE,0,0.0
STU0478,6.7,93,89,39,1,2,1,0,3,1,44,CE,1,11.91
STU0479,5.46,80,69,42,0,2,2,0,8,1,52,CE,0,0.0
STU0480,6.36,89,91,43,1,2,1,0,20,1,60,EEE,0,0.0
STU0481,4.8,60,70,39,0,2,1,0,22,0,83,ME,0,0.0
STU0482,6.31,87,41,69,2,0,0,0,1,0,84,IT,0,0.0
STU0483,7.83,33,83,52,1,3,2,2,2,1,55,CSE,1,14.37
STU0484,7.34,51,40,84,0,2,3,2,22,0,82,ME,0,0.0
STU0485,10.0,32,89,92,2,1,1,1,25,2,95,EEE,1,16.91
STU0486,6.95,76,97,100,0,1,2,0,6,0,68,ECE,1,14.48
STU0487,6.86,67,75,71,0,1,2,2,35,0,36,CSE,1,11.32
STU0488,8.68,62,67,95,0,4,1,1,32,2,68,ECE,1,14.06
STU0489,5.09,77,90,76,1,1,3,0,35,0,61,IT,1,10.42
STU0490,5.62,94,46,81,1,4,1,0,3,2,55,CSE,1,9.99
STU0491,8.2,55,95,47,1,2,0,0,22,2,58,ME,1,13.97
STU0492,7.17,37,65,47,0,4,0,3,24,1,54,CSE,0,0.0
STU0493,7.19,79,36,53,3,2,3,1,40,1,85,ECE,1,18.03
STU0494,6.28,67,45,52,1,4,4,1,25,1,60,EEE,0,0.0
STU0495,7.69,39,43,41,0,1,1,1,27,1,95,CSE,0,0.0
STU0496,6.43,71,54,52,1,2,0,1,27,1,31,CSE,0,0.0
STU0497,7.49,66,33,50,1,1,1,0,20,1,76,ECE,0,0.0
STU0498,6.01,55,58,93,0,2,2,1,9,2,58,ME,0,0.0
STU0499,7.18,41,85,63,0,2,2,2,26,1,78,ECE,1,10.45
STU0500,9.83,78,35,31,0,3,4,0,14,2,61,ME,1,10.43
STU0501,6.89,43,30,98,2,2,3,3,16,0,59,EEE,1,14.15
STU0502,7.24,75,68,60,1,0,3,0,38,0,44,ECE,1,10.62
STU0503,7.16,64,30,97,0,3,2,0,34,0,91,ECE,1,12.25
STU0504,7.61,58,92,99,0,2,1,1,4,0,46,ME,0,0.0
STU0505,7.96,41,86,48,1,1,2,2,15,1,51,ME,1,9.78
STU0506,7.71,73,96,42,1,4,1,1,22,0,59,CSE,1,14.34
STU0507,7.74,95,94,94,1,5,1,1,38,2,45,ME,1,19.13
STU0508,7.18,31,94,35,3,4,0,1,8,0,81,EEE,1,12.07
STU0509,7.52,88,50,100,1,4,2,1,32,0,37,ECE,1,15.08
STU0510,7.14,46,59,56,1,0,2,0,34,0,93,CE,1,10.84
STU0511,5.23,39,62,81,0,5,2,0,39,1,68,CSE,1,11.18
STU0512,10.0,47,77,77,2,2,0,0,23,0,60,ME,1,15.37
STU0513,8.27,51,51,97,0,1,2,0,23,0,41,ECE,0,0.0
STU0514,6.22,87,83,73,0,3,0,0,23,1,62,ME,1,11.74
STU0515,7.68,82,33,46,1,1,2,1,18,0,87,ME,1,12.5
STU0516,5.78,30,84,67,0,2,1,1,38,0,41,CSE,0,0.0
STU0517,6.81,90,73,39,0,1,3,0,24,1,54,IT,0,0.0
STU0518,5.62,60,41,83,1,2,2,0,30,0,67,ME,0,0.0
STU0519,7.34,60,81,35,0,2,2,0,37,0,77,CSE,1,9.98
STU0520,5.5,95,94,35,0,2,2,0,24,0,84,EEE,1,11.0
STU0521,7.87,48,94,81,1,0,2,0,26,0,32,CSE,1,12.96
STU0522,8.22,82,39,44,1,2,0,1,31,1,98,CE,1,10.1
STU0523,6.41,51,47,97,0,2,2,0,10,0,64,ECE,0,0.0
STU0524,7.59,52,76,86,3,1,1,1,4,1,80,ME,1,12.42
STU0525,6.34,44,95,85,0,4,1,1,32,2,56,ECE,1,14.03
STU0526,8.01,55,78,36,1,2,1,0,18,0,66,ECE,0,0.0
STU0527,6.57,32,51,80,0,4,4,0,15,2,45,CSE,0,0.0
STU0528,8.35,49,55,87,1,1,1,0,34,0,54,CE,0,0.0
STU0529,5.23,69,38,93,0,2,1,0,10,0,62,CE,0,0.0
STU0530,6.19,68,50,55,0,1,4,0,10,0,91,CE,0,0.0
STU0531,6.07,47,92,87,0,2,3,2,9,0,46,IT,0,0.0
STU0532,7.64,70,35,60,1,1,0,0,33,1,72,EEE,0,0.0
STU0533,8.07,99,43,95,1,2,3,3,4,0,59,ME,1,15.62
STU0534,7.74,56,62,42,0,2,1,0,22,1,70,CE,0,0.0
STU0535,6.79,44,100,47,3,1,2,2,24,1,33,CSE,1,14.26
STU0536,4.05,66,53,42,0,3,2,1,28,0,95,IT,0,0.0
STU0537,7.45,87,80,53,1,5,2,0,39,1,89,IT,1,17.04
STU0538,8.35,34,31,86,0,1,2,0,12,2,38,CSE,0,0.0
STU0539,10.0,36,44,58,1,3,1,1,31,0,60,ME,1,11.46
STU0540,6.89,70,64,85,2,3,0,2,33,0,98,EEE,1,15.72
STU0541,6.6,39,65,83,1,2,2,0,11,0,53,CSE,0,0.0
STU0542,7.78,91,68,34,0,4,1,0,23,0,53,ECE,1,14.17
STU0543,7.09,55,33,64,0,5,4,0,39,0,74,ECE,1,12.28
STU0544,8.93,97,93,48,2,2,1,0,20,0,66,ECE,1,14.83
STU0545,6.43,53,35,84,0,3,0,3,28,1,87,CSE,0,0.0
STU0546,7.1,70,86,98,0,3,2,1,22,1,52,CSE,1,14.73
STU0547,8.45,94,59,73,0,2,1,0,32,1,64,ECE,1,14.22
STU0548,7.77,46,96,67,0,2,0,0,7,0,92,IT,0,0.0
STU0549,8.79,53,44,91,0,4,1,0,12,0,35,ECE,0,0.0
STU0550,6.88,56,46,51,2,3,4,2,4,0,35,ECE,0,0.0
STU0551,8.92,36,47,69,1,1,1,2,40,0,59,ECE,0,0.0
STU0552,5.4,41,48,55,1,1,1,0,9,2,30,CSE,0,0.0
STU0553,5.45,32,98,34,0,4,1,0,13,0,92,EEE,0,0.0
STU0554,8.93,39,53,83,1,0,0,3,23,0,37,IT,0,0.0
STU0555,7.41,62,77,78,1,3,0,0,10,0,57,ME,1,11.92
STU0556,8.5,75,59,32,1,1,3,0,2,1,62,ECE,0,0.0
STU0557,7.52,88,44,67,0,0,4,0,28,1,82,CE,1,12.03
STU0558,7.39,81,76,43,3,0,0,0,29,0,67,ECE,1,15.05
STU0559,5.81,35,73,76,1,2,2,0,36,0,81,CSE,0,0.0
STU0560,7.37,31,56,43,2,0,4,3,6,0,40,ECE,0,0.0
STU0561,9.03,58,93,67,0,2,0,1,16,1,31,EEE,0,0.0
STU0562,7.47,69,70,93,0,3,0,0,19,2,82,CSE,1,14.33
STU0563,8.22,90,97,73,0,2,4,0,10,1,97,ME,1,14.95
STU0564,8.19,97,34,99,2,3,2,1,24,1,36,CSE,1,16.06
STU0565,6.18,97,82,94,0,2,0,0,23,0,96,CSE,1,14.96
STU0566,8.43,58,37,54,2,2,1,0,1,0,38,ME,0,0.0
STU0567,7.02,91,51,45,2,2,0,0,26,1,92,ECE,1,14.72
STU0568,7.09,89,36,44,1,2,1,1,18,0,40,EEE,0,0.0
STU0569,9.92,70,51,32,1,5,2,0,28,2,66,ECE,1,15.56
STU0570,8.12,94,75,96,1,3,2,0,36,0,43,CSE,1,12.63
STU0571,6.63,93,59,66,1,2,2,0,10,0,48,ME,0,0.0
STU0572,7.48,92,45,84,0,3,1,0,18,1,37,IT,0,0.0
STU0573,7.44,77,34,67,1,2,0,3,27,0,36,CSE,0,0.0
STU0574,9.42,49,96,92,2,1,0,1,38,0,88,ME,1,15.25
STU0575,7.45,66,52,30,0,2,3,0,20,0,92,IT,0,0.0
STU0576,10.0,93,90,100,3,3,2,0,25,1,36,CSE,1,21.18
STU0577,5.84,34,34,48,0,2,1,1,21,0,84,EEE,0,0.0
STU0578,7.36,63,52,81,0,4,1,0,5,0,32,CSE,0,0.0
STU0579,6.48,68,54,59,0,2,3,2,10,1,96,CSE,0,0.0
STU0580,6.81,96,37,84,0,2,2,1,13,0,47,ME,0,0.0
STU0581,6.83,91,50,43,2,5,1,0,35,2,74,CSE,1,14.75
STU0582,6.55,53,31,42,2,2,1,3,39,0,65,CE,1,9.47
STU0583,9.48,32,51,56,2,3,1,0,40,1,45,ME,1,13.07
STU0584,9.11,100,97,38,3,3,3,0,1,0,58,CSE,1,19.61
STU0585,7.88,96,93,70,0,4,2,1,19,1,88,EEE,1,15.01
STU0586,6.83,79,48,77,0,0,2,2,21,1,47,CE,0,0.0
STU0587,6.58,58,82,41,1,1,3,1,38,2,78,ME,1,14.93
STU0588,8.29,61,81,39,2,3,4,1,3,0,75,ECE,1,14.49
STU0589,7.76,68,76,35,0,2,1,0,28,0,58,CSE,0,0.0
STU0590,7.23,38,83,63,3,2,0,1,23,1,99,CE,1,14.96
STU0591,8.05,43,73,81,1,1,1,0,0,0,79,IT,0,0.0
STU0592,8.47,97,36,70,3,1,0,1,23,0,84,CSE,1,15.23
STU0593,7.22,93,30,35,0,2,3,0,29,2,56,ME,0,0.0
STU0594,6.46,49,92,31,1,1,3,0,11,0,36,ME,0,0.0
STU0595,5.81,57,68,44,2,1,2,3,18,2,70,ECE,1,11.2
STU0596,7.7,43,48,46,2,0,1,0,36,0,40,IT,0,0.0
STU0597,10.0,73,60,45,0,1,0,0,39,1,34,CSE,0,0.0
STU0598,6.07,68,53,57,2,3,1,0,3,1,95,CSE,1,12.81
STU0599,8.72,57,98,39,2,3,3,0,14,0,85,CSE,1,19.46
STU0600,6.59,93,94,39,0,0,1,1,19,2,41,ECE,0,0.0
STU0601,6.83,61,62,39,0,1,0,0,19,0,71,ECE,0,0.0
STU0602,8.5,38,88,57,1,2,1,0,20,1,39,IT,0,0.0
STU0603,7.09,57,62,53,1,2,4,0,9,1,57,CE,1,7.73
STU0604,7.7,46,61,48,1,4,2,0,29,0,36,CSE,1,12.52
STU0605,7.67,84,88,97,0,3,3,0,23,2,43,CE,1,14.2
STU0606,6.59,39,70,85,1,4,2,0,39,0,98,CE,1,14.41
STU0607,8.47,35,41,96,1,2,2,0,39,1,90,ECE,1,16.22
STU0608,7.33,77,40,71,0,2,0,0,37,0,80,CSE,1,12.76
STU0609,5.73,96,48,41,1,3,1,2,2,1,71,CSE,1,7.32
STU0610,6.33,70,83,47,0,0,2,2,28,1,37,CSE,0,0.0
STU0611,4.0,89,86,52,0,0,3,0,7,0,79,IT,0,0.0
STU0612,7.46,71,71,35,1,0,1,0,28,1,30,ECE,0,0.0
STU0613,8.96,100,100,82,3,2,0,1,9,0,98,EEE,1,20.19
STU0614,6.14,57,60,71,0,1,2,1,4,0,40,IT,0,0.0
STU0615,8.1,42,81,95,0,1,0,3,10,0,77,ECE,0,0.0
STU0616,7.92,44,31,59,0,3,2,0,3,0,39,IT,0,0.0
STU0617,6.5,65,67,38,0,5,1,1,34,0,44,CSE,0,0.0
STU0618,9.24,44,61,71,1,1,1,2,39,0,76,CSE,1,14.11
STU0619,7.07,85,39,63,1,2,1,0,11,0,54,ME,0,0.0
STU0620,9.81,33,37,69,0,1,2,0,20,0,35,ECE,0,0.0
STU0621,5.44,81,49,46,3,4,2,0,15,0,40,ECE,1,15.38
STU0622,7.08,39,49,58,0,1,1,0,13,1,46,CE,0,0.0
STU0623,7.22,74,38,79,2,4,3,0,20,1,44,IT,1,13.38
STU0624,7.35,58,44,78,2,1,0,2,26,0,45,ECE,0,0.0
STU0625,8.26,82,92,90,1,3,0,0,35,1,85,ECE,1,17.08
STU0626,10.0,58,50,75,0,1,2,0,0,1,95,ME,1,12.38
STU0627,7.95,52,34,75,1,1,0,2,0,1,65,CE,0,0.0
STU0628,7.43,86,64,46,1,1,2,0,21,0,67,CSE,0,0.0
STU0629,6.08,79,97,95,2,1,4,0,14,0,32,EEE,1,12.48
STU0630,5.13,50,77,34,1,4,2,0,19,1,47,CE,0,0.0
STU0631,8.8,72,91,83,1,3,2,0,2,1,83,ME,1,15.37
STU0632,6.74,39,64,45,2,2,2,0,13,0,46,EEE,0,0.0
STU0633,10.0,59,99,36,3,5,0,2,8,0,42,EEE,1,16.49
STU0634,8.44,80,50,37,1,2,1,0,18,1,92,CSE,1,9.56
STU0635,7.81,62,68,67,2,5,1,1,39,1,43,CSE,1,16.88
STU0636,7.87,47,63,83,1,1,4,0,33,1,88,IT,1,10.98
STU0637,7.88,51,44,44,1,4,1,3,3,0,65,EEE,1,11.85
STU0638,6.57,93,35,79,1,0,1,1,32,0,47,CE,0,0.0
STU0639,5.3,50,95,85,1,2,4,2,36,0,34,ECE,1,14.46
STU0640,6.74,30,85,38,0,2,3,0,1,0,43,CE,0,0.0
STU0641,7.38,44,78,37,1,2,4,2,26,0,54,CSE,1,11.78
STU0642,6.62,65,30,48,1,2,2,2,16,1,73,EEE,0,0.0
STU0643,5.86,76,94,80,0,2,1,1,30,0,68,ECE,0,0.0
STU0644,6.5,83,57,86,0,5,3,0,40,1,41,EEE,1,16.11
STU0645,8.64,61,49,97,2,5,1,0,5,0,90,ECE,1,16.86
STU0646,8.3,87,77,60,1,5,0,0,30,0,91,EEE,1,15.11
STU0647,7.61,75,94,32,0,5,2,0,2,0,82,ECE,1,13.92
STU0648,8.1,83,80,72,2,3,2,1,39,0,82,IT,1,16.97
STU0649,6.04,62,72,58,2,5,3,1,2,1,57,EEE,1,13.78
STU0650,6.45,68,78,39,1,4,4,1,32,0,64,CE,1,12.49
STU0651,7.77,52,54,41,0,2,3,0,12,0,94,CE,0,0.0
STU0652,6.19,72,70,75,3,3,0,0,20,0,32,CSE,1,13.36
STU0653,7.53,84,100,59,2,4,2,0,36,0,72,ECE,1,16.75
STU0654,5.88,31,93,61,0,3,3,0,15,1,79,IT,1,9.76
STU0655,5.42,95,90,76,0,2,4,1,20,0,100,CSE,1,14.83
STU0656,8.28,67,41,92,1,0,1,0,12,1,38,IT,0,0.0
STU0657,8.63,58,98,55,1,3,0,1,3,1,65,CE,1,12.7
STU0658,6.64,96,43,32,0,5,3,1,30,0,52,CSE,1,10.97
STU0659,5.58,100,63,52,1,2,1,2,8,0,79,ECE,1,12.67
STU0660,4.75,65,77,79,1,1,2,0,32,1,84,ECE,1,10.76
STU0661,9.61,58,90,65,2,2,1,1,36,1,41,CSE,1,15.96
STU0662,7.53,66,64,42,1,2,1,0,36,0,61,EEE,1,14.34
STU0663,6.67,74,94,58,1,2,2,0,23,0,53,CE,1,12.22
STU0664,6.96,45,88,67,3,3,1,1,24,0,96,ECE,1,16.86
STU0665,5.1,60,65,34,0,5,2,1,40,0,56,ECE,0,0.0
STU0666,8.14,63,48,49,0,3,0,0,28,0,90,CE,1,11.86
STU0667,9.8,79,71,43,2,2,1,0,39,0,48,ECE,1,17.02
STU0668,6.46,94,98,37,0,4,1,1,35,0,80,CSE,1,16.42
STU0669,10.0,91,48,77,2,2,2,0,14,0,93,ECE,1,17.62
STU0670,7.26,72,68,42,0,1,1,1,17,0,31,IT,0,0.0
STU0671,9.4,85,98,53,0,2,2,2,19,1,65,CSE,1,14.88
STU0672,7.77,44,81,94,2,3,2,1,4,1,40,ECE,1,12.37
STU0673,7.77,77,41,63,1,4,2,1,17,2,97,EEE,1,14.23
STU0674,9.61,78,76,80,1,4,2,1,39,0,97,CSE,1,19.77
STU0675,8.34,73,65,32,0,2,1,2,0,1,93,IT,1,14.61
STU0676,7.85,39,92,87,0,1,1,1,18,0,30,ECE,0,0.0
STU0677,5.07,49,80,84,2,0,2,0,22,1,55,CSE,0,0.0
STU0678,5.59,99,72,71,0,3,0,0,25,0,40,CSE,0,0.0
STU0679,7.95,37,63,50,1,3,3,3,28,0,31,CSE,1,9.87
STU0680,9.16,74,78,39,0,2,3,0,33,2,69,CSE,1,13.2
STU0681,7.55,63,47,86,0,2,1,1,18,1,33,CSE,0,0.0
STU0682,6.69,80,90,54,2,5,2,2,17,2,66,ECE,1,16.37
STU0683,5.19,33,86,85,2,4,4,1,1,0,90,CSE,1,14.31
STU0684,6.46,68,34,67,1,1,1,0,26,0,34,CE,0,0.0
STU0685,7.56,53,53,90,1,3,2,0,5,0,44,IT,0,0.0
STU0686,6.37,84,93,76,1,3,0,0,38,1,96,IT,1,15.19
STU0687,6.24,55,88,83,1,1,2,0,5,1,55,ME,0,0.0
STU0688,7.34,54,67,75,1,2,3,3,5,2,35,EEE,1,13.59
STU0689,9.14,65,62,97,0,1,2,1,30,0,73,CSE,1,15.07
STU0690,8.22,100,39,33,0,1,2,1,40,1,87,CSE,1,13.74
STU0691,7.74,87,66,95,3,3,3,0,39,0,75,ECE,1,19.45
STU0692,7.63,41,40,72,0,2,2,0,29,0,71,IT,0,0.0
STU0693,8.06,30,53,91,0,2,2,0,20,0,77,IT,0,0.0
STU0694,7.27,79,100,33,1,2,2,0,40,0,56,ME,1,14.44
STU0695,6.91,54,50,94,1,0,2,1,17,0,49,ECE,0,0.0
STU0696,8.29,34,49,91,1,3,3,1,22,0,99,CE,1,16.38
STU0697,7.13,97,39,31,0,2,4,0,37,0,64,CSE,0,0.0
STU0698,5.97,35,76,38,3,2,3,1,22,0,77,ECE,1,11.54
STU0699,9.13,55,76,86,1,5,2,3,27,0,96,ME,1,17.08
STU0700,5.16,84,44,74,2,2,0,0,35,0,97,CSE,1,14.81
STU0701,9.22,68,73,47,0,3,3,1,24,0,81,CSE,1,10.99
STU0702,8.01,38,91,77,0,2,2,0,6,2,97,IT,1,13.55
STU0703,6.24,74,35,71,0,4,2,1,17,2,33,ME,0,0.0
STU0704,7.43,43,95,70,0,4,1,0,19,0,68,ECE,0,0.0
STU0705,6.89,84,33,87,0,1,3,1,4,2,50,ECE,0,0.0
STU0706,8.37,38,52,71,0,3,0,0,17,1,95,EEE,0,0.0
STU0707,8.35,44,42,64,1,0,1,0,39,0,45,ECE,0,0.0
STU0708,7.95,66,60,67,1,5,2,2,32,0,36,CSE,1,13.39
STU0709,8.3,79,45,96,2,2,2,0,14,2,38,ECE,1,14.93
STU0710,7.26,50,70,70,0,4,1,0,34,1,46,CE,0,0.0
STU0711,9.51,86,30,79,1,2,2,1,0,1,41,CSE,1,9.98
STU0712,8.87,48,41,74,0,3,1,0,20,1,86,ECE,0,0.0
STU0713,6.83,87,85,100,1,5,0,1,7,0,74,ECE,1,11.73
STU0714,8.37,35,79,48,1,4,0,1,6,0,40,ECE,0,0.0
STU0715,8.27,33,49,46,1,1,3,0,40,0,42,ECE,0,0.0
STU0716,7.09,72,95,94,2,2,1,0,39,0,60,CE,1,17.32
STU0717,6.99,71,65,85,2,2,0,2,39,0,55,EEE,1,16.96
STU0718,8.86,32,67,70,1,2,2,0,29,0,92,EEE,1,11.95
STU0719,7.38,30,51,71,2,2,1,2,37,0,60,CE,0,0.0
STU0720,7.71,84,90,35,1,2,3,0,34,0,51,ME,0,0.0
STU0721,9.08,44,79,98,2,2,3,1,1,0,35,IT,1,11.94
STU0722,10.0,76,88,69,1,1,3,3,7,0,49,IT,1,11.61
STU0723,6.77,75,49,70,1,2,1,1,37,0,39,IT,0,0.0
STU0724,7.13,87,65,38,1,1,2,0,3,0,64,CSE,1,11.12
STU0725,7.49,100,44,37,0,1,2,1,36,1,55,CSE,1,11.84
STU0726,7.52,68,91,73,1,3,1,1,20,2,100,EEE,1,17.94
STU0727,7.85,32,32,87,3,0,0,1,12,0,66,EEE,1,10.49
STU0728,6.81,59,34,96,1,2,1,0,8,0,37,ME,0,0.0
STU0729,5.88,64,85,42,0,2,0,1,28,1,34,EEE,0,0.0
STU0730,9.5,86,60,48,0,2,4,0,40,0,73,IT,1,14.65
STU0731,8.13,58,64,78,2,3,3,0,23,1,96,ME,1,16.21
STU0732,6.9,79,100,59,3,2,0,1,15,0,78,ECE,1,14.9
STU0733,7.92,91,99,95,0,1,1,0,11,1,65,ME,1,15.59
STU0734,9.6,81,55,88,2,4,4,2,1,2,55,ME,1,21.44
STU0735,6.45,43,30,82,2,5,1,2,18,1,74,EEE,1,11.42
STU0736,7.65,64,36,81,0,0,3,3,29,0,90,ME,1,12.17
STU0737,5.73,57,65,60,2,2,1,1,15,1,73,IT,1,12.24
STU0738,7.26,87,54,44,0,2,3,1,23,1,33,IT,0,0.0
STU0739,8.14,59,88,49,1,1,2,0,12,1,87,CSE,1,10.74
STU0740,6.06,36,90,34,1,2,0,1,4,0,55,CSE,0,0.0
STU0741,7.18,68,58,36,1,3,1,0,22,1,58,CE,0,0.0
STU0742,8.36,98,47,47,1,1,2,0,37,0,38,CSE,0,0.0
STU0743,8.11,64,70,85,1,4,4,1,30,0,65,CE,1,15.08
STU0744,6.01,81,48,74,2,2,0,0,16,1,33,CSE,0,0.0
STU0745,7.85,43,33,57,2,2,2,0,2,0,88,ECE,0,0.0
STU0746,8.07,92,94,79,2,3,1,1,25,1,66,CSE,1,13.26
STU0747,7.53,65,70,31,1,0,3,0,12,1,42,ECE,0,0.0
STU0748,8.71,53,44,97,0,2,2,0,37,0,49,CSE,1,11.37
STU0749,6.69,69,83,53,1,2,1,0,21,1,46,EEE,1,10.82
STU0750,7.89,58,93,77,2,2,0,1,20,2,80,ECE,1,18.02
STU0751,6.0,82,44,74,0,2,0,1,28,0,84,EEE,0,0.0
STU0752,5.48,51,79,87,3,0,2,1,38,1,62,EEE,1,14.67
STU0753,8.34,44,51,65,2,1,1,0,4,0,50,EEE,0,0.0
STU0754,7.42,98,47,31,1,1,1,1,13,0,51,ECE,0,0.0
STU0755,6.84,93,31,47,1,5,4,1,17,0,54,IT,1,12.41
STU0756,6.12,33,65,78,1,0,1,0,3,0,96,CSE,0,0.0
STU0757,8.39,47,49,37,1,1,2,0,32,0,41,CSE,0,0.0
STU0758,5.59,71,45,87,1,5,0,1,38,2,44,IT,1,15.08
STU0759,8.59,59,96,44,2,3,0,1,19,1,31,CSE,1,14.34
STU0760,7.94,44,59,46,1,2,1,1,12,0,33,EEE,0,0.0
STU0761,5.65,99,84,52,2,0,2,0,35,0,74,CE,1,14.57
STU0762,7.55,84,95,95,2,3,2,1,3,0,42,ECE,1,16.4
STU0763,10.0,82,55,99,0,1,3,1,34,0,84,CSE,1,9.3
STU0764,8.83,45,86,56,0,3,1,1,7,0,61,CE,0,0.0
STU0765,6.41,63,98,66,2,5,1,1,39,0,51,ME,1,16.21
STU0766,8.26,56,31,78,0,2,3,2,35,0,84,CE,1,14.2
STU0767,5.7,42,85,93,1,1,1,2,5,0,46,ECE,0,0.0
STU0768,5.75,56,91,63,1,3,1,1,21,1,99,CSE,1,15.02
STU0769,7.32,98,63,47,0,2,0,1,5,1,80,ECE,0,0.0
STU0770,8.06,60,85,93,0,2,3,0,35,0,37,ECE,0,0.0
STU0771,8.37,32,84,73,2,2,3,1,8,0,90,CSE,1,13.62
STU0772,8.39,59,49,46,1,3,0,1,15,0,39,CSE,0,0.0
STU0773,7.99,50,79,88,1,2,1,0,38,2,48,ECE,1,13.97
STU0774,5.46,35,54,42,3,5,2,0,37,1,43,CE,1,12.58
STU0775,7.33,61,54,81,0,4,4,0,32,1,96,ME,1,17.75
STU0776,8.56,71,82,89,0,1,1,0,17,2,84,CSE,1,11.99
STU0777,7.93,91,43,71,2,3,3,0,11,0,90,ME,1,20.09
STU0778,7.62,61,89,93,2,1,1,0,26,2,85,CE,1,15.78
STU0779,7.8,68,72,95,1,3,0,1,0,0,92,ME,1,12.18
STU0780,7.78,93,91,63,3,1,0,0,14,0,40,ME,1,13.16
STU0781,5.04,59,98,100,3,2,1,0,26,1,76,ECE,1,16.44
STU0782,8.79,92,92,93,0,3,1,2,15,0,35,CSE,1,13.51
STU0783,7.27,60,31,62,0,1,4,0,20,1,63,ECE,0,0.0
STU0784,8.25,69,83,41,2,4,1,2,0,0,94,ECE,1,16.22
STU0785,4.63,62,45,48,0,3,1,1,28,1,93,ME,0,0.0
STU0786,9.39,92,84,38,0,2,0,0,2,0,95,IT,1,10.01
STU0787,6.01,54,72,46,2,2,2,0,11,0,60,ECE,0,0.0
STU0788,10.0,65,90,79,1,4,3,0,27,2,91,CE,1,20.97
STU0789,9.94,53,67,68,1,1,1,0,38,1,83,IT,1,11.47
STU0790,5.81,87,74,70,0,3,1,0,36,2,37,CSE,1,10.19
STU0791,8.38,68,80,39,1,3,0,0,30,1,71,EEE,1,13.56
STU0792,6.18,75,71,41,1,4,1,0,30,1,70,CSE,1,12.9
STU0793,6.63,39,53,44,0,3,0,1,32,1,88,EEE,0,0.0
STU0794,6.66,61,59,57,0,2,2,0,32,0,69,CSE,0,0.0
STU0795,7.94,65,66,33,1,4,2,2,39,0,51,ECE,1,10.91
STU0796,7.79,57,82,65,2,4,2,0,10,0,53,ME,1,14.93
STU0797,5.96,45,92,94,2,3,1,2,28,1,67,EEE,1,13.21
STU0798,7.93,45,40,76,0,0,1,0,24,0,31,CSE,0,0.0
STU0799,7.16,47,52,68,1,2,2,1,12,2,70,IT,0,0.0
STU0800,5.22,37,79,67,2,3,2,0,18,0,48,CE,0,0.0
STU0801,6.88,99,84,73,2,2,0,1,35,1,31,CSE,1,13.83
STU0802,9.39,30,84,80,1,2,3,0,27,0,91,ECE,1,15.42
STU0803,6.92,91,33,55,0,1,1,1,3,0,45,ME,0,0.0
STU0804,5.2,67,83,65,2,2,0,0,2,2,51,ECE,0,0.0
STU0805,8.38,74,90,98,0,1,0,1,37,0,43,IT,0,0.0
STU0806,6.29,87,34,30,0,1,4,0,36,0,85,EEE,0,0.0
STU0807,7.66,30,47,82,1,2,1,0,24,0,94,CE,0,0.0
STU0808,7.19,61,73,35,3,3,3,0,40,0,74,EEE,1,14.56
STU0809,9.51,37,60,66,0,2,1,0,34,0,83,CSE,0,0.0
STU0810,7.19,69,50,31,1,1,1,1,28,1,95,CSE,1,12.93
STU0811,6.03,85,76,98,0,1,2,3,40,0,75,IT,1,15.65
STU0812,6.84,92,59,70,2,2,0,0,28,1,62,IT,1,13.6
STU0813,5.93,65,84,80,1,3,1,1,11,0,79,CSE,1,11.87
STU0814,7.15,86,97,76,0,3,1,1,34,1,51,ECE,1,9.64
STU0815,9.52,74,98,42,0,1,3,1,19,1,69,IT,1,12.83
STU0816,8.9,31,70,98,1,2,2,0,16,0,68,CSE,0,0.0
STU0817,9.85,97,74,95,0,4,1,0,11,0,70,CSE,1,16.72
STU0818,7.98,79,59,88,0,1,1,2,35,0,97,CE,1,14.8
STU0819,7.57,58,74,97,1,2,2,0,9,1,36,EEE,0,0.0
STU0820,6.2,39,74,88,1,2,0,1,17,1,100,IT,0,0.0
STU0821,7.72,56,74,39,1,1,1,1,29,2,33,IT,1,12.28
STU0822,7.24,44,84,42,0,0,1,0,7,0,88,ECE,0,0.0
STU0823,8.33,89,88,31,1,2,2,0,40,0,55,CE,1,13.35
STU0824,6.05,60,34,44,1,0,1,1,12,0,60,CSE,0,0.0
STU0825,7.46,50,61,75,0,1,2,0,30,0,98,EEE,1,17.41
STU0826,5.51,89,35,86,1,2,2,0,5,0,81,ME,1,13.11
STU0827,7.81,87,55,39,0,0,4,0,6,0,50,CE,0,0.0
STU0828,8.21,70,66,51,2,2,2,3,20,1,45,IT,1,15.62
STU0829,5.45,75,42,37,1,1,1,0,37,0,80,CSE,0,0.0
STU0830,5.79,74,98,50,1,2,2,1,27,1,45,EEE,1,11.96
STU0831,5.84,55,54,51,0,3,4,0,20,0,47,ECE,0,0.0
STU0832,7.19,80,42,74,0,3,1,0,20,2,76,ECE,1,11.47
STU0833,5.72,65,49,69,1,2,1,2,23,2,85,CSE,1,11.96
STU0834,9.05,81,89,51,1,0,0,1,26,2,57,IT,1,17.01
STU0835,7.92,80,50,59,0,3,3,0,26,1,85,IT,1,13.81
STU0836,8.12,32,90,91,0,1,1,1,12,1,66,CSE,1,10.41
STU0837,5.49,43,55,74,0,0,0,0,28,1,45,CSE,0,0.0
STU0838,8.95,78,83,64,1,3,2,1,38,0,94,EEE,1,16.03
STU0839,8.18,30,71,71,0,4,3,0,27,1,89,CSE,1,13.86
STU0840,6.58,86,40,34,1,2,1,2,36,1,90,ME,1,13.76
STU0841,5.55,46,66,56,0,0,3,1,28,2,40,ME,0,0.0
STU0842,7.31,79,40,99,1,4,3,0,21,0,95,IT,1,15.96
STU0843,6.84,43,56,91,0,0,1,2,35,0,61,ME,0,0.0
STU0844,6.89,88,63,61,1,4,2,3,29,1,48,ECE,1,13.91
STU0845,6.55,32,67,37,0,2,2,0,27,2,85,EEE,0,0.0
STU0846,8.27,69,90,47,0,2,4,2,22,0,34,CSE,1,12.6
STU0847,4.28,95,82,44,1,2,2,2,32,0,32,CSE,0,0.0
STU0848,9.12,63,94,55,0,5,4,1,3,0,57,CSE,1,15.66
STU0849,8.6,38,32,82,0,4,1,3,2,0,58,EEE,0,0.0
STU0850,7.65,50,96,73,2,2,1,1,31,0,88,CE,1,16.34
STU0851,7.23,54,57,61,2,3,0,1,3,0,54,CSE,0,0.0
STU0852,8.7,73,43,57,0,2,1,2,0,1,51,CE,0,0.0
STU0853,7.35,54,81,68,2,3,3,1,11,0,100,ECE,1,16.98
STU0854,7.07,38,59,61,1,4,1,1,12,0,52,EEE,0,0.0
STU0855,8.77,91,87,47,0,0,0,0,33,1,99,CSE,1,11.51
STU0856,9.91,55,83,99,3,2,0,2,28,2,69,CE,1,16.72
STU0857,6.23,86,98,40,2,5,1,1,8,2,43,ME,1,17.24
STU0858,7.91,66,44,61,3,5,0,1,30,0,58,CSE,1,14.04
STU0859,6.1,45,67,49,0,0,1,0,6,2,45,IT,0,0.0
STU0860,8.0,66,43,69,0,1,3,0,12,0,39,CSE,0,0.0
STU0861,6.47,53,86,37,1,5,1,0,1,1,76,CE,1,12.33
STU0862,8.85,55,88,64,1,2,2,1,32,1,33,IT,1,16.56
STU0863,7.28,49,37,98,0,2,2,0,6,0,41,CE,0,0.0
STU0864,7.46,38,48,50,2,1,2,2,17,0,71,CSE,0,0.0
STU0865,9.36,58,61,53,1,4,0,1,7,0,33,EEE,0,0.0
STU0866,6.52,60,58,46,1,1,4,3,11,1,35,CSE,0,0.0
STU0867,8.22,48,70,47,1,1,2,0,29,0,43,ME,0,0.0
STU0868,6.64,49,74,41,1,1,1,3,8,1,64,IT,0,0.0
STU0869,8.84,56,42,45,0,4,0,0,27,0,76,EEE,0,0.0
STU0870,9.54,73,56,33,3,3,0,1,3,0,87,ME,1,18.88
STU0871,7.08,64,48,63,0,3,3,1,38,2,94,CSE,1,14.27
STU0872,4.77,100,55,75,0,2,2,0,16,1,48,IT,0,0.0
STU0873,6.57,51,82,60,2,4,1,0,10,2,86,CSE,1,15.37
STU0874,10.0,44,80,54,3,3,1,0,1,0,94,CSE,1,16.37
STU0875,6.69,42,66,53,2,3,3,1,22,0,42,EEE,1,13.35
STU0876,9.53,33,38,94,2,5,3,0,21,0,37,ME,1,12.33
STU0877,6.67,85,81,54,1,2,2,3,25,0,47,CSE,1,16.26
STU0878,6.64,52,83,57,2,3,2,0,11,0,64,ME,1,11.67
STU0879,8.34,63,32,65,0,4,3,3,31,1,55,CSE,1,11.99
STU0880,8.19,46,98,35,2,3,2,0,8,0,67,CSE,1,10.66
STU0881,8.42,57,37,95,1,2,1,0,4,0,95,CSE,1,12.36
STU0882,7.41,43,43,96,0,0,0,0,25,0,55,IT,0,0.0
STU0883,8.64,63,32,77,1,3,2,2,6,1,86,IT,1,16.21
STU0884,8.55,86,53,99,1,2,0,1,28,1,54,ME,1,15.95
STU0885,8.78,84,42,96,1,1,0,0,32,0,59,CSE,1,12.7
STU0886,6.65,95,72,77,0,4,3,0,23,0,36,CE,1,10.02
STU0887,8.64,66,58,94,2,2,2,0,24,0,56,ECE,1,12.48
STU0888,6.77,97,80,73,0,2,3,1,30,2,40,ME,1,12.59
STU0889,7.21,55,71,92,1,3,1,0,28,2,37,IT,1,11.89
STU0890,7.19,90,60,75,2,2,4,1,4,1,40,ECE,1,13.17
STU0891,6.2,96,92,48,1,0,1,1,37,0,59,ME,1,12.99
STU0892,5.32,81,55,93,0,2,2,2,10,0,44,EEE,0,0.0
STU0893,8.87,47,47,100,0,0,1,1,31,1,85,ECE,1,12.56
STU0894,6.56,82,86,79,1,1,0,0,7,2,64,ME,1,12.23
STU0895,7.08,92,36,92,3,0,1,3,19,2,68,ME,1,14.24
STU0896,6.52,82,77,70,2,1,2,0,33,1,53,CSE,1,14.63
STU0897,7.09,56,89,36,1,2,0,0,7,0,37,CE,0,0.0
STU0898,6.79,60,62,38,0,2,2,2,1,2,72,CE,0,0.0
STU0899,8.93,30,32,33,0,4,1,0,20,1,71,CSE,0,0.0
STU0900,6.69,35,33,78,0,2,0,0,14,1,70,CSE,0,0.0
STU0901,9.46,40,33,35,0,3,2,0,5,0,76,EEE,0,0.0
STU0902,8.77,63,71,50,0,2,4,0,4,0,55,ME,0,0.0
STU0903,6.83,92,38,44,0,3,1,0,2,0,81,CSE,0,0.0
STU0904,7.78,82,80,96,1,3,2,0,15,0,51,ECE,1,15.52
STU0905,8.02,47,46,95,0,2,4,0,34,0,34,ME,0,0.0
STU0906,8.41,50,46,85,1,1,2,2,8,1,44,CSE,0,0.0
STU0907,8.53,48,49,97,3,2,2,1,34,0,65,CSE,1,18.4
STU0908,7.62,33,43,61,1,3,0,1,18,0,92,IT,0,0.0
STU0909,6.25,58,51,95,2,2,1,1,33,0,78,CE,1,10.98
STU0910,8.17,54,81,58,2,4,1,2,38,0,84,ECE,1,15.53
STU0911,7.12,85,56,95,0,1,1,2,9,2,89,CSE,1,15.72
STU0912,4.05,92,72,63,0,0,3,2,9,0,86,ME,0,0.0
STU0913,7.87,56,32,56,0,2,1,2,19,0,58,CSE,0,0.0
STU0914,6.52,89,37,89,0,4,0,0,0,2,48,ECE,0,0.0
STU0915,6.85,78,39,68,1,2,3,1,5,1,39,CSE,1,7.87
STU0916,7.41,94,58,73,2,3,2,1,1,0,39,CSE,1,15.1
STU0917,5.54,67,69,65,3,1,4,1,37,1,86,ECE,1,14.39
STU0918,7.57,81,94,48,0,2,2,1,32,1,83,EEE,1,12.66
STU0919,7.02,30,50,74,3,3,0,0,2,1,85,CSE,0,0.0
STU0920,6.35,69,53,50,0,4,2,0,35,0,97,ECE,0,0.0
STU0921,7.46,50,89,52,2,1,2,2,12,2,98,ECE,1,11.95
STU0922,5.37,44,55,56,0,2,1,1,34,0,84,ME,0,0.0
STU0923,7.49,79,38,48,0,3,1,0,14,0,98,IT,1,9.71
STU0924,7.96,77,49,70,0,0,1,0,21,0,30,ECE,0,0.0
STU0925,7.77,61,85,55,2,3,2,1,3,0,41,IT,1,13.33
STU0926,8.35,78,65,57,0,2,1,0,16,2,64,CSE,0,0.0
STU0927,8.8,97,65,93,0,1,2,0,4,1,62,IT,1,13.45
STU0928,7.3,74,51,97,2,3,1,0,20,0,54,CSE,1,15.33
STU0929,8.71,61,30,80,3,1,1,0,23,0,45,CSE,1,14.6
STU0930,7.3,33,98,77,0,5,0,0,30,0,37,CSE,0,0.0
STU0931,6.56,94,66,39,1,3,0,1,39,2,64,CSE,1,13.54
STU0932,6.93,100,42,68,0,3,1,0,29,1,75,ME,1,10.37
STU0933,7.72,94,72,48,0,0,1,0,6,1,40,ECE,0,0.0
STU0934,8.7,47,66,93,1,4,1,1,6,1,90,CE,1,13.63
STU0935,7.4,83,54,48,1,3,4,2,26,1,73,CSE,1,19.5
STU0936,6.59,76,50,91,1,1,2,0,23,1,40,ME,0,0.0
STU0937,9.13,35,70,42,1,2,2,1,18,0,40,ECE,0,0.0
STU0938,5.68,95,71,54,1,1,4,3,40,1,51,CE,1,15.01
STU0939,6.6,38,71,71,1,5,4,2,33,1,91,CSE,1,16.71
STU0940,8.47,97,31,68,1,4,3,2,21,1,77,CSE,1,15.15
STU0941,9.52,52,97,59,1,4,0,1,26,2,92,ECE,1,16.76
STU0942,7.98,72,37,34,0,3,2,0,5,1,80,IT,0,0.0
STU0943,7.7,80,90,47,1,2,3,1,9,1,74,CE,1,13.25
STU0944,7.05,54,43,50,2,1,3,1,30,2,62,CSE,1,12.28
STU0945,8.06,64,50,79,1,1,2,0,24,0,89,CSE,1,10.62
STU0946,7.56,46,53,35,1,1,0,1,1,0,31,CSE,0,0.0
STU0947,6.49,47,79,79,0,2,4,1,9,1,42,ECE,0,0.0
STU0948,7.03,56,74,95,1,4,1,3,9,0,95,ME,1,15.85
STU0949,6.36,44,93,30,0,5,1,0,25,1,86,CSE,0,0.0
STU0950,7.42,98,93,86,2,1,1,0,4,1,72,ECE,1,17.34
STU0951,7.59,44,55,59,1,3,1,1,21,1,74,ME,1,12.6
STU0952,9.36,71,61,87,0,2,1,0,3,2,60,ECE,1,11.8
STU0953,6.68,63,86,81,1,2,1,1,33,0,39,CSE,1,10.82
STU0954,7.18,77,82,66,2,3,4,0,6,1,52,ME,1,15.37
STU0955,8.91,37,62,77,0,2,1,1,16,1,58,ECE,0,0.0
STU0956,9.57,39,81,30,1,5,2,1,10,0,60,IT,1,11.86
STU0957,7.97,34,47,48,1,3,3,0,7,0,47,IT,0,0.0
STU0958,7.1,77,64,75,2,3,2,0,27,1,40,CSE,1,16.51
STU0959,6.83,55,41,96,0,1,1,0,32,1,76,CSE,0,0.0
STU0960,5.19,52,80,31,1,1,2,0,24,1,32,ECE,0,0.0
STU0961,6.29,91,39,85,2,2,0,1,20,0,31,ECE,1,11.97
STU0962,7.52,42,81,46,3,3,0,1,11,0,83,EEE,1,12.32
STU0963,7.18,38,63,51,1,4,2,0,25,0,60,ECE,0,0.0
STU0964,8.15,49,96,56,3,2,3,1,28,0,37,IT,1,14.13
STU0965,7.17,86,68,84,1,3,2,0,37,2,72,ME,1,17.67
STU0966,6.53,53,37,61,1,2,0,2,34,0,77,IT,0,0.0
STU0967,7.81,62,58,89,1,1,1,0,36,2,31,CE,0,0.0
STU0968,10.0,49,51,57,0,3,0,2,28,2,51,CE,0,0.0
STU0969,7.02,89,99,57,1,3,2,1,23,2,34,ME,1,12.34
STU0970,7.57,77,90,54,1,1,0,1,14,0,36,IT,0,0.0
STU0971,8.42,93,72,55,2,2,3,1,5,2,49,CSE,1,18.67
STU0972,6.71,59,78,100,2,2,0,2,31,0,31,EEE,1,10.64
STU0973,8.93,46,58,46,1,1,0,3,33,0,61,CE,0,0.0
STU0974,5.51,43,60,36,0,4,1,1,35,0,32,ECE,0,0.0
STU0975,6.91,48,82,85,0,2,0,0,19,2,70,EEE,1,10.33
STU0976,7.03,100,63,93,0,1,2,2,11,0,71,IT,1,13.2
STU0977,7.58,88,67,49,1,1,3,0,34,0,74,IT,1,13.34
STU0978,5.03,96,86,67,0,5,0,2,37,0,100,CSE,1,17.26
STU0979,9.02,73,33,87,1,3,1,1,16,0,46,EEE,1,12.32
STU0980,7.9,61,31,45,0,3,4,2,26,0,76,CE,1,13.62
STU0981,8.75,40,41,80,2,0,2,2,16,1,98,ME,1,15.12
STU0982,9.34,31,64,56,2,4,4,0,10,1,53,EEE,1,12.12
STU0983,6.51,97,99,80,1,2,0,1,38,2,100,CSE,1,16.46
STU0984,4.41,46,50,45,0,3,1,0,1,1,63,CSE,0,0.0
STU0985,8.78,69,90,89,1,5,0,0,1,2,79,ME,1,17.25
STU0986,7.06,75,64,69,0,1,1,0,28,0,71,CSE,0,0.0
STU0987,6.04,33,77,96,0,2,2,0,23,1,62,CE,1,11.74
STU0988,8.09,67,44,31,0,0,0,1,23,1,56,CSE,0,0.0
STU0989,10.0,92,100,77,0,2,2,3,15,0,88,CSE,1,20.11
STU0990,7.27,58,44,81,0,1,1,1,30,1,48,ECE,0,0.0
STU0991,8.54,48,35,53,0,4,3,0,8,1,32,ECE,0,0.0
STU0992,6.21,58,97,31,0,2,0,2,26,1,100,CSE,1,12.19
STU0993,5.38,64,51,94,1,3,1,2,40,1,54,CSE,0,0.0
STU0994,8.5,99,61,49,3,4,2,1,13,0,44,ECE,1,17.34
STU0995,8.06,52,51,63,2,5,0,1,24,1,89,IT,1,13.85
STU0996,6.84,75,56,70,0,2,1,2,21,0,52,IT,0,0.0
STU0997,9.45,73,44,70,1,2,1,0,34,1,40,CSE,1,11.13
STU0998,5.28,77,73,52,2,0,3,3,32,1,88,ME,1,11.49
STU0999,5.92,81,38,67,0,0,2,3,26,2,63,CSE,0,0.0
STU1000,6.75,37,63,73,2,3,2,2,39,0,36,ECE,1,15.2
